Gene,NCBI_Gene_ID,Description,Function,GO_Terms,KEGG_Terms
TFC3,851262,N/A,"Contributes to DNA binding activity, bending; RNA polymerase III type 1 promoter sequence-specific DNA binding activity; and RNA polymerase III type 2 promoter sequence-specific DNA binding activity. Involved in 5S class rRNA transcription by RNA polymerase III and protein localization to chromatin. Located in mitochondrion. Part of transcription factor TFIIIC complex. [provided by Alliance of Genome Resources, Jul 2025]",N/A,N/A
VPS8,851261,N/A,"Enables GTPase binding activity and protein-membrane adaptor activity. Involved in late endosome to vacuole transport via multivesicular body sorting pathway and protein targeting to vacuole. Located in late endosome and membrane. Part of CORVET complex. Orthologous to human VPS8 (VPS8 subunit of CORVET complex). [provided by Alliance of Genome Resources, Apr 2025]",N/A,N/A
SSA1,851259,N/A,"Enables ATP hydrolysis activity; tRNA binding activity; and unfolded protein binding activity. Involved in several processes, including establishment of protein localization to organelle; gene expression; and protein-containing complex disassembly. Located in fungal-type cell wall; fungal-type vacuole membrane; and nucleus. Human ortholog(s) of this gene implicated in several diseases, including Kawasaki disease; artery disease (multiple); autoimmune disease of musculoskeletal system (multiple); neurodegenerative disease (multiple); and schizophrenia (multiple). Orthologous to several human genes including HSPA1L (heat shock protein family A (Hsp70) member 1 like); HSPA1A (heat shock protein family A (Hsp70) member 1A); and HSPA1B (heat shock protein family A (Hsp70) member 1B). [provided by Alliance of Genome Resources, Jul 2025]",N/A,N/A
ERP2,851226,N/A,"Involved in endoplasmic reticulum to Golgi vesicle-mediated transport and protein retention in ER lumen. Located in COPII-coated ER to Golgi transport vesicle. Orthologous to several human genes including TMED1 (transmembrane p24 trafficking protein 1). [provided by Alliance of Genome Resources, Jul 2025]",N/A,N/A
FUN14,851225,N/A,"Involved in mitochondrion organization and phospholipid homeostasis. Located in mitochondrial outer membrane. [provided by Alliance of Genome Resources, Jul 2025]",N/A,N/A
PSK1,851216,N/A,"Enables protein serine/threonine kinase activity. Involved in negative regulation of glycogen biosynthetic process and regulation of (1->6)-beta-D-glucan biosynthetic process. Located in cytoplasm. Orthologous to human PASK (PAS domain containing serine/threonine kinase). [provided by Alliance of Genome Resources, Jul 2025]",N/A,N/A
FRT2,851205,N/A,"Involved in cellular response to alkaline pH and cellular response to salt stress. Acts upstream of or within post-translational protein targeting to membrane, translocation. Located in endoplasmic reticulum. [provided by Alliance of Genome Resources, Jul 2025]",N/A,N/A
GIP4,851202,N/A,"Enables protein phosphatase 1 binding activity and protein phosphatase regulator activity. Involved in chromosome segregation. Located in cytoplasm. [provided by Alliance of Genome Resources, Jul 2025]",N/A,N/A
FUN19,851199,N/A,"Predicted to enable chromatin binding activity and transcription coactivator activity. Predicted to be involved in chromatin remodeling and regulation of transcription by RNA polymerase II. Predicted to act upstream of or within positive regulation of DNA-templated transcription. Predicted to be part of Rpd3L-Expanded complex. Predicted to be active in nucleus. [provided by Alliance of Genome Resources, Apr 2025]",N/A,N/A
ACS1,851245,N/A,"Enables acetate-CoA ligase activity and acid-ammonia (or amide) ligase activity. Involved in acetate fermentation and acetyl-CoA biosynthetic process. Located in cytosol. Human ortholog(s) of this gene implicated in orofacial cleft. Orthologous to several human genes including ACSS1 (acyl-CoA synthetase short chain family member 1). [provided by Alliance of Genome Resources, Jul 2025]",N/A,N/A
GPB2,851243,N/A,"Enables GTPase activating protein binding activity and cAMP-dependent protein kinase inhibitor activity. Involved in several processes, including invasive growth in response to glucose limitation; negative regulation of Ras protein signal transduction; and pseudohyphal growth. Located in plasma membrane. [provided by Alliance of Genome Resources, Jul 2025]",N/A,N/A
YAL064W-B,851233,N/A,"Located in endoplasmic reticulum. [provided by Alliance of Genome Resources, Jul 2025]",N/A,N/A
PAU8,851229,N/A,"Predicted to be a structural constituent of cell wall. Involved in ascospore formation. Predicted to be active in fungal-type cell wall. [provided by Alliance of Genome Resources, Jul 2025]",N/A,N/A
SWD1,851265,N/A,"Contributes to histone H3K4 methyltransferase activity. Involved in regulation of DNA-templated transcription; subtelomeric heterochromatin formation; and telomere maintenance. Part of Set1C/COMPASS complex. Orthologous to human RBBP5 (RB binding protein 5, histone lysine methyltransferase complex subunit). [provided by Alliance of Genome Resources, Jul 2025]",N/A,N/A
YAR009C,851268,N/A,"Predicted to enable several functions, including DNA polymerase activity; RNA nuclease activity; and peptidase activity. Predicted to be involved in retrotransposition. Predicted to act upstream of or within DNA metabolic process and transposition. Located in nucleus. [provided by Alliance of Genome Resources, Apr 2025]",N/A,N/A
PAU7,851275,N/A,N/A,N/A,N/A
YAR023C,851276,N/A,"Predicted to be located in membrane. [provided by Alliance of Genome Resources, Jul 2025]",N/A,N/A
YAR029W,851281,N/A,"Located in cytoplasm. [provided by Alliance of Genome Resources, Jul 2025]",N/A,N/A
PHO11,851299,N/A,"Enables acid phosphatase activity. Predicted to be involved in phosphate-containing compound metabolic process. Located in extracellular region. Human ortholog(s) of this gene implicated in papillary thyroid carcinoma and pontocerebellar hypoplasia type 16. Orthologous to human MINPP1 (multiple inositol-polyphosphate phosphatase 1). [provided by Alliance of Genome Resources, Jul 2025]",N/A,N/A
YBL005W-B,852280,N/A,"Predicted to enable several functions, including DNA polymerase activity; RNA nuclease activity; and peptidase activity. Predicted to be involved in retrotransposition. Predicted to act upstream of or within several processes, including DNA metabolic process; transposition; and viral translational frameshifting. Located in nucleus. [provided by Alliance of Genome Resources, Apr 2025]",N/A,N/A
SLA1,852276,N/A,"Enables cargo adaptor activity and ubiquitin binding activity. Involved in actin cortical patch assembly; endocytosis; and negative regulation of Arp2/3 complex-mediated actin nucleation. Located in actin cortical patch and nucleus. Part of SLAC complex and actin cytoskeleton-regulatory complex. [provided by Alliance of Genome Resources, Jul 2025]",N/A,N/A
ACH1,852266,N/A,"Enables acetate CoA-transferase activity and acetyl-CoA hydrolase activity. Involved in acetate metabolic process. Located in cytosol and mitochondrion. [provided by Alliance of Genome Resources, Jul 2025]",N/A,N/A
FUS3,852265,N/A,"Enables MAP kinase activity. Involved in several processes, including invasive growth in response to glucose limitation; pheromone response MAPK cascade; and positive regulation of protein export from nucleus. Located in cytoplasm; mating projection tip; and nucleus. Human ortholog(s) of this gene implicated in Noonan syndrome 13; Parkinson's disease; carcinoma (multiple); melanoma; and pulmonary hypertension. Orthologous to several human genes including MAPK1 (mitogen-activated protein kinase 1). [provided by Alliance of Genome Resources, Jul 2025]",N/A,N/A
PEP1,852264,N/A,"Enables vacuolar sorting signal binding activity. Involved in mitophagy; pexophagy; and protein targeting to vacuole. Located in Golgi apparatus. Human ortholog(s) of this gene implicated in Alzheimer's disease and abdominal aortic aneurysm. Orthologous to several human genes including SORT1 (sortilin 1). [provided by Alliance of Genome Resources, Jul 2025]",N/A,N/A
YBL029C-A,852251,N/A,"Predicted to enable zinc ion binding activity. Located in plasma membrane. [provided by Alliance of Genome Resources, Jul 2025]",N/A,N/A
RIB1,852247,N/A,"Enables cyclohydrolase activity. Involved in riboflavin biosynthetic process. Located in cytoplasm and nucleus. [provided by Alliance of Genome Resources, Jul 2025]",N/A,N/A
YBL039W-B,1466441,N/A,"Located in peroxisome. [provided by Alliance of Genome Resources, Jul 2025]",N/A,N/A
ERD2,852240,N/A,"Enables HDEL sequence binding activity. Involved in retrograde vesicle-mediated transport, Golgi to endoplasmic reticulum. Located in endoplasmic reticulum membrane. Human ortholog(s) of this gene implicated in osteogenesis imperfecta type 21. Orthologous to several human genes including KDELR2 (KDEL endoplasmic reticulum protein retention receptor 2) and KDELR3 (KDEL endoplasmic reticulum protein retention receptor 3). [provided by Alliance of Genome Resources, Jul 2025]",N/A,N/A
ECM13,852237,N/A,"Predicted to act upstream of or within cell wall organization. [provided by Alliance of Genome Resources, Apr 2025]",N/A,N/A
SEC17,852230,N/A,"Enables ATPase activator activity and soluble NSF attachment protein activity. Involved in SNARE complex disassembly; autophagy; and organelle fusion. Located in cytosol. Part of SNARE complex. Human ortholog(s) of this gene implicated in developmental and epileptic encephalopathy 107. Orthologous to human NAPA (NSF attachment protein alpha) and NAPB (NSF attachment protein beta). [provided by Alliance of Genome Resources, Jul 2025]",N/A,N/A
PRX1,852215,N/A,"Enables thioredoxin peroxidase activity. Involved in cell redox homeostasis. Located in mitochondrion. Orthologous to human PRDX6 (peroxiredoxin 6). [provided by Alliance of Genome Resources, Jul 2025]",N/A,N/A
SSA3,852203,N/A,"Enables ATP hydrolysis activity and unfolded protein binding activity. Involved in SRP-dependent cotranslational protein targeting to membrane, translocation; protein folding; and protein quality control for misfolded or incompletely synthesized proteins. Located in cytosol. Human ortholog(s) of this gene implicated in several diseases, including Kawasaki disease; artery disease (multiple); autoimmune disease of musculoskeletal system (multiple); neurodegenerative disease (multiple); and schizophrenia (multiple). Orthologous to several human genes including HSPA1L (heat shock protein family A (Hsp70) member 1 like); HSPA1A (heat shock protein family A (Hsp70) member 1A); and HSPA1B (heat shock protein family A (Hsp70) member 1B). [provided by Alliance of Genome Resources, Jul 2025]",N/A,N/A
ATG8,852200,N/A,"Enables phosphatidylethanolamine binding activity and protein tag activity. Involved in several processes, including lipid droplet formation; macroautophagy; and protein targeting to vacuole. Located in phagophore assembly site; vacuole; and vacuole-isolation membrane contact site. Is active in lipid droplet. Human ortholog(s) of this gene implicated in glioblastoma. Orthologous to several human genes including GABARAPL1 (GABA type A receptor associated protein like 1) and GABARAPL3 (GABA type A receptor associated protein like 3 (pseudogene)). [provided by Alliance of Genome Resources, Jul 2025]",N/A,N/A
YBL086C,852192,N/A,"Orthologous to human EEIG2 (EEIG family member 2) and EEIG1 (estrogen-induced osteoclastogenesis regulator 1). [provided by Alliance of Genome Resources, Jul 2025]",N/A,N/A
SCS22,852186,N/A,"Predicted to enable protein-membrane adaptor activity. Involved in endoplasmic reticulum membrane organization; phospholipid biosynthetic process; and regulation of phosphatidylinositol dephosphorylation. Acts upstream of or within reticulophagy. Located in cytosol. Used to study amyotrophic lateral sclerosis type 8. Human ortholog(s) of this gene implicated in amyotrophic lateral sclerosis; amyotrophic lateral sclerosis type 8; autosomal dominant adult-onset proximal spinal muscular atrophy; and spinal muscular atrophy. Orthologous to several human genes including VAPB (VAMP associated protein B and C). [provided by Alliance of Genome Resources, Apr 2025]",N/A,N/A
YBL100W-B,852175,N/A,"Predicted to enable several functions, including DNA polymerase activity; RNA nuclease activity; and peptidase activity. Predicted to be involved in retrotransposition. Predicted to act upstream of or within several processes, including DNA metabolic process; transposition; and viral translational frameshifting. Located in nucleus. [provided by Alliance of Genome Resources, Apr 2025]",N/A,N/A
ECM21,852173,N/A,"Enables ubiquitin protein ligase binding activity. Involved in cellular response to amino acid stimulus; cellular response to starvation; and ubiquitin-dependent endocytosis. Located in cytosol. Orthologous to several human genes including ARRDC1 (arrestin domain containing 1); ARRDC2 (arrestin domain containing 2); and ARRDC3 (arrestin domain containing 3). [provided by Alliance of Genome Resources, Jul 2025]",N/A,N/A
NTH2,852286,N/A,"Enables alpha,alpha-trehalase activity. Involved in trehalose catabolic process. Located in mitochondrion. Orthologous to human TREH (trehalase). [provided by Alliance of Genome Resources, Jul 2025]",N/A,N/A
RCR1,852290,N/A,"Enables protein-membrane adaptor activity. Involved in chitin localization; protein localization to plasma membrane; and vesicle-mediated transport. Located in endoplasmic reticulum membrane. Is active in plasma membrane. [provided by Alliance of Genome Resources, Apr 2025]",N/A,N/A
UGA2,852291,N/A,"Enables succinate-semialdehyde dehydrogenase [NAD(P)+] activity. Involved in cellular response to oxidative stress; gamma-aminobutyrate shunt; and gamma-aminobutyric acid catabolic process. Located in cytoplasm. Human ortholog(s) of this gene implicated in succinic semialdehyde dehydrogenase deficiency. Orthologous to human ALDH5A1 (aldehyde dehydrogenase 5 family member A1). [provided by Alliance of Genome Resources, Jul 2025]",N/A,N/A
YBR012W-B,852299,N/A,"Predicted to enable several functions, including DNA polymerase activity; RNA nuclease activity; and peptidase activity. Predicted to be involved in retrotransposition. Predicted to act upstream of or within several processes, including DNA metabolic process; transposition; and viral translational frameshifting. Located in nucleus. [provided by Alliance of Genome Resources, Apr 2025]",N/A,N/A
YBR013C,852300,N/A,"Located in endoplasmic reticulum. [provided by Alliance of Genome Resources, Jul 2025]",N/A,N/A
GRX7,852302,N/A,"Enables glutathione-disulfide reductase (NADPH) activity. Involved in cellular response to oxidative stress. Located in Golgi lumen; cis-Golgi network; and membrane. [provided by Alliance of Genome Resources, Jul 2025]",N/A,N/A
YBR016W,852304,N/A,"Located in cellular bud membrane and mating projection membrane. [provided by Alliance of Genome Resources, Jul 2025]",N/A,N/A
GAL7,852306,N/A,"Enables UDP-glucose:hexose-1-phosphate uridylyltransferase activity. Involved in galactose catabolic process via UDP-galactose, Leloir pathway. Located in cytoplasm. Used to study galactosemia. Human ortholog(s) of this gene implicated in classic galactosemia and galactosemia. Orthologous to human GALT (galactose-1-phosphate uridylyltransferase). [provided by Alliance of Genome Resources, Jul 2025]",N/A,N/A
SCO2,852312,N/A,"Enables copper ion binding activity. Involved in cell redox homeostasis and cellular response to oxidative stress. Located in mitochondrial membrane. Used to study cardiomyopathy. Human ortholog(s) of this gene implicated in cytochrome-c oxidase deficiency disease and mitochondrial complex IV deficiency nuclear type 4. Orthologous to human SCO1 (synthesis of cytochrome C oxidase 1). [provided by Alliance of Genome Resources, Jul 2025]",N/A,N/A
ETR1,852314,N/A,"Predicted to enable DNA binding activity and enoyl-[acyl-carrier-protein] reductase (NADPH) activity. Involved in aerobic respiration and fatty acid biosynthetic process. Located in mitochondrion. Used to study Leber hereditary optic neuropathy with demyelinating disease of CNS. Human ortholog(s) of this gene implicated in childhood-onset dystonia with optic atrophy and basal ganglia abnormalities and optic atrophy. Orthologous to human MECR (mitochondrial trans-2-enoyl-CoA reductase). [provided by Alliance of Genome Resources, Apr 2025]",N/A,N/A
GIP1,852334,N/A,"Enables protein phosphatase 1 binding activity and protein phosphatase regulator activity. Involved in ascospore wall assembly. Located in prospore membrane. Part of protein phosphatase type 1 complex. [provided by Alliance of Genome Resources, Jul 2025]",N/A,N/A
ZTA1,852335,N/A,"Enables 2-alkenal reductase [NAD(P)+] activity; NADPH:quinone reductase activity; and mRNA 3'-UTR AU-rich region binding activity. Involved in cellular response to oxidative stress. Located in cytoplasm and nucleus. Orthologous to human CRYZ (crystallin zeta) and TP53I3 (tumor protein p53 inducible protein 3). [provided by Alliance of Genome Resources, Apr 2025]",N/A,N/A
FMP23,852336,N/A,"Located in mitochondrion. [provided by Alliance of Genome Resources, Jul 2025]",N/A,N/A
REG2,852340,N/A,"Enables protein phosphatase regulator activity. Involved in cellular response to glucose stimulus. Acts upstream of or within regulation of cellular response to glucose starvation. Part of protein phosphatase type 1 complex. [provided by Alliance of Genome Resources, Jul 2025]",N/A,N/A
RFS1,852341,N/A,"Predicted to enable FMN binding activity and oxidoreductase activity. Acts upstream of or within positive regulation of ferroptosis. Located in cytoplasm and eisosome. [provided by Alliance of Genome Resources, Jul 2025]",N/A,N/A
YBR053C,852342,N/A,"Predicted to enable calcium ion binding activity and gluconolactonase activity. Orthologous to human RGN (regucalcin). [provided by Alliance of Genome Resources, Jul 2025]",N/A,N/A
YRO2,852343,N/A,"Located in plasma membrane. [provided by Alliance of Genome Resources, Jul 2025]",N/A,N/A
YBR056W,852346,N/A,"Predicted to enable glucan endo-1,6-beta-glucosidase activity and glucan exo-1,3-beta-glucosidase activity. Predicted to be involved in glucan catabolic process. Located in mitochondrial intermembrane space. [provided by Alliance of Genome Resources, Jul 2025]",N/A,N/A
YBR056W-A,1466443,N/A,"Is active in cytoplasm. [provided by Alliance of Genome Resources, Jul 2025]",N/A,N/A
YBR062C,852354,N/A,"Predicted to enable ubiquitin protein ligase activity. Predicted to be involved in protein ubiquitination. Predicted to be active in cytoplasm. Orthologous to human RNF181 (ring finger protein 181). [provided by Alliance of Genome Resources, Jul 2025]",N/A,N/A
TIP1,852359,N/A,"Enables lipase activity. A structural constituent of cell wall. Involved in fungal-type cell wall organization. Located in fungal-type cell wall. [provided by Alliance of Genome Resources, Jul 2025]",N/A,N/A
ALG14,852362,N/A,"Enables protein-membrane adaptor activity. Contributes to N-acetylglucosaminyldiphosphodolichol N-acetylglucosaminyltransferase activity. Involved in dolichol-linked oligosaccharide biosynthetic process. Located in endoplasmic reticulum membrane and lipid droplet. Part of UDP-N-acetylglucosamine transferase complex. Human ortholog(s) of this gene implicated in congenital myasthenic syndrome 15. Orthologous to human ALG14 (ALG14 UDP-N-acetylglucosaminyltransferase subunit). [provided by Alliance of Genome Resources, Apr 2025]",N/A,N/A
HSP26,852364,N/A,"Enables mRNA binding activity and unfolded protein binding activity. Involved in cellular response to heat and protein folding. Located in cytoplasmic stress granule and nucleus. [provided by Alliance of Genome Resources, Jul 2025]",N/A,N/A
ECM8,852368,N/A,"Predicted to act upstream of or within cell wall organization. [provided by Alliance of Genome Resources, Apr 2025]",N/A,N/A
UBC4,852376,N/A,"Enables several functions, including proteasome binding activity; ubiquitin binding activity; and ubiquitin-protein transferase activity. Involved in cellular response to heat and ubiquitin-dependent protein catabolic process. Located in cytoplasm and nucleus. Orthologous to several human genes including UBE2D4 (ubiquitin conjugating enzyme E2 D4). [provided by Alliance of Genome Resources, Jul 2025]",N/A,N/A
YBR085C-A,852381,N/A,"Located in cytoplasm and nucleus. [provided by Alliance of Genome Resources, Jul 2025]",N/A,N/A
NHP6B,852386,N/A,"Enables DNA binding activity, bending. Involved in DNA-templated transcription and chromatin remodeling. Located in nucleus. [provided by Alliance of Genome Resources, Jul 2025]",N/A,N/A
IML3,852404,N/A,"Involved in ascospore formation; chromosome organization; and protein localization to chromosome, centromeric region. Part of outer kinetochore. [provided by Alliance of Genome Resources, Jul 2025]",N/A,N/A
AIM3,852405,N/A,"Involved in actin cortical patch assembly and barbed-end actin filament capping. Located in actin cortical patch and membrane raft. [provided by Alliance of Genome Resources, Jul 2025]",N/A,N/A
RAD16,852411,N/A,"Contributes to ATP-dependent activity, acting on DNA and ubiquitin-protein transferase activity. Involved in nucleotide-excision repair, DNA damage recognition; protein localization; and ubiquitin-dependent protein catabolic process. Part of Cul3-RING ubiquitin ligase complex and nucleotide-excision repair factor 4 complex. Orthologous to human HLTF (helicase like transcription factor) and TTF2 (transcription termination factor 2). [provided by Alliance of Genome Resources, Jul 2025]",N/A,N/A
TPS1,852423,N/A,"Enables trehalose-phosphatase activity. Contributes to alpha,alpha-trehalose-phosphate synthase (UDP-forming) activity. Involved in cellular response to desiccation and trehalose biosynthetic process. Located in cytoplasm. Part of alpha,alpha-trehalose-phosphate synthase complex (UDP-forming). [provided by Alliance of Genome Resources, Jul 2025]",N/A,N/A
ATG14,852425,N/A,"Involved in cellular response to potassium ion starvation; cytoplasm to vacuole targeting by the Cvt pathway; and macroautophagy. Located in fungal-type vacuole membrane; phagophore assembly site; and vacuole-isolation membrane contact site. Part of phosphatidylinositol 3-kinase complex, class III, type I. [provided by Alliance of Genome Resources, Jul 2025]",N/A,N/A
OPY1,852426,N/A,"Enables phosphatidylinositol-4,5-bisphosphate binding activity. Involved in negative regulation of 1-phosphatidyl-1D-myo-inositol 4,5-bisphosphate biosynthetic process. Located in cytoplasm and plasma membrane. [provided by Alliance of Genome Resources, Jul 2025]",N/A,N/A
AGP2,852429,N/A,"Predicted to enable amino acid transmembrane transporter activity. Involved in positive regulation of (R)-carnitine transmembrane transport and positive regulation of polyamine transmembrane transport. Located in endoplasmic reticulum membrane; fungal-type vacuole membrane; and plasma membrane. Human ortholog(s) of this gene implicated in retinitis pigmentosa 68. Orthologous to human SLC7A14 (solute carrier family 7 member 14). [provided by Alliance of Genome Resources, Jul 2025]",N/A,N/A
YBR137W,852434,N/A,"Involved in post-translational protein targeting to endoplasmic reticulum membrane. Located in cytoplasm. Part of TRC complex. [provided by Alliance of Genome Resources, Jul 2025]",N/A,N/A
YBR139W,852436,N/A,"Enables serine-type carboxypeptidase activity. Involved in several processes, including cellular response to nitrogen starvation; phytochelatin biosynthetic process; and zymogen activation. Located in fungal-type vacuole lumen. Is active in vacuolar lumen. Human ortholog(s) of this gene implicated in galactosialidosis and lysosomal storage disease. Orthologous to human CTSA (cathepsin A). [provided by Alliance of Genome Resources, Jul 2025]",N/A,N/A
ADH5,851386,N/A,"Enables S-(hydroxymethyl)glutathione dehydrogenase [NAD(P)+] activity; alcohol dehydrogenase (NAD+) activity; and hydroxymethylfurfural reductase (NADH) activity. Involved in amino acid catabolic process to alcohol via Ehrlich pathway; formaldehyde catabolic process; and furaldehyde metabolic process. Located in mitochondrion. Human ortholog(s) of this gene implicated in AMED syndrome; alcohol dependence; asthma; late onset Parkinson's disease; and pancreatic cancer. Orthologous to several human genes including ADH1B (alcohol dehydrogenase 1B (class I), beta polypeptide) and ADH5 (alcohol dehydrogenase 5 (class III), chi polypeptide). [provided by Alliance of Genome Resources, Jul 2025]",N/A,N/A
RTC2,852444,N/A,"Enables basic amino acid transmembrane transporter activity. Involved in basic amino acid transmembrane export from vacuole. Located in fungal-type vacuole membrane. Orthologous to human SLC66A1 (solute carrier family 66 member 1). [provided by Alliance of Genome Resources, Jul 2025]",N/A,N/A
YSW1,852445,N/A,"Involved in ascospore-type prospore membrane formation. Located in prospore membrane. Part of septin complex. [provided by Alliance of Genome Resources, Jul 2025]",N/A,N/A
ARA1,852446,N/A,"Enables D-arabinose 1-dehydrogenase [NAD(P)+] activity and diacetyl reductase ((S)-acetoin forming) (NAD+) activity. Involved in acetoin metabolic process and carbohydrate metabolic process. Is active in cytosol. [provided by Alliance of Genome Resources, Jul 2025]",N/A,N/A
TBS1,852447,N/A,"Enables sequence-specific DNA binding activity. Predicted to be involved in positive regulation of transcription by RNA polymerase II. Predicted to act upstream of or within DNA-templated transcription; positive regulation of DNA-templated transcription; and regulation of transcription by RNA polymerase II. Located in mitochondrion and nucleus. [provided by Alliance of Genome Resources, Apr 2025]",N/A,N/A
ICS2,852454,N/A,N/A,N/A,N/A
SSE2,852467,N/A,"Enables adenyl-nucleotide exchange factor activity. Involved in proteasomal ubiquitin-independent protein catabolic process; proteasome-mediated ubiquitin-dependent protein catabolic process; and protein refolding. Located in cytoplasm. Human ortholog(s) of this gene implicated in Chagas disease. Orthologous to several human genes including HSPA4 (heat shock protein family A (Hsp70) member 4) and HSPH1 (heat shock protein family H (Hsp110) member 1). [provided by Alliance of Genome Resources, Jul 2025]",N/A,N/A
NPL4,852468,N/A,"Enables K48-linked polyubiquitin modification-dependent protein binding activity. Involved in several processes, including mitotic spindle disassembly; nonfunctional rRNA decay; and proteasomal protein catabolic process. Acts upstream of or within endosome to plasma membrane protein transport. Located in nuclear outer membrane-endoplasmic reticulum membrane network. Part of several cellular components, including Cdc48p-Npl4p-Vms1p AAA ATPase complex; RQC complex; and endoplasmic reticulum membrane. Orthologous to human NPLOC4 (NPL4 homolog, ubiquitin recognition factor). [provided by Alliance of Genome Resources, Jul 2025]",N/A,N/A
UMP1,852471,N/A,"Involved in DNA damage response; proteasome assembly; and ubiquitin-dependent protein catabolic process. Located in cytoplasm and nucleus. Human ortholog(s) of this gene implicated in proteosome-associated autoinflammatory syndrome 2. Orthologous to human POMP (proteasome maturation protein). [provided by Alliance of Genome Resources, Jul 2025]",N/A,N/A
ECM31,852474,N/A,"Enables 3-methyl-2-oxobutanoate hydroxymethyltransferase activity. Involved in pantothenate biosynthetic process. Located in mitochondrion. [provided by Alliance of Genome Resources, Jul 2025]",N/A,N/A
EHT1,852476,N/A,"Enables alcohol O-acetyltransferase activity and short-chain carboxylesterase activity. Involved in medium-chain fatty acid biosynthetic process and medium-chain fatty acid catabolic process. Located in lipid droplet. Orthologous to human ABHD1 (abhydrolase domain containing 1) and ABHD3 (abhydrolase domain containing 3, phospholipase). [provided by Alliance of Genome Resources, Jul 2025]",N/A,N/A
SMP1,852480,N/A,"Enables DNA binding activity, bending and sequence-specific DNA binding activity. Involved in cellular response to osmotic stress and positive regulation of transcription by RNA polymerase II. Located in cytoplasm and nucleus. Human ortholog(s) of this gene implicated in dilated cardiomyopathy and neurodevelopmental disorder with hypotonia, stereotypic hand movements, and impaired language. Orthologous to several human genes including BORCS8-MEF2B (BORCS8-MEF2B readthrough); MEF2A (myocyte enhancer factor 2A); and MEF2B (myocyte enhancer factor 2B). [provided by Alliance of Genome Resources, Jul 2025]",N/A,N/A
YBR182C-A,1466446,N/A,N/A,N/A,N/A
YPC1,852481,N/A,"Enables N-acylsphingosine amidohydrolase activity and sphingosine N-acyltransferase activity. Involved in ceramide biosynthetic process and ceramide catabolic process. Located in cortical endoplasmic reticulum. Used to study leukodystrophy. Orthologous to human ACER3 (alkaline ceramidase 3). [provided by Alliance of Genome Resources, Jul 2025]",N/A,N/A
YBR196C-A,1466447,N/A,"Located in endoplasmic reticulum membrane. [provided by Alliance of Genome Resources, Jul 2025]",N/A,N/A
YBR196C-B,1466448,N/A,N/A,N/A,N/A
KTR4,852498,N/A,"Enables mannosyltransferase activity. Predicted to be involved in glycoprotein biosynthetic process and mannosylation. Predicted to act upstream of or within protein glycosylation. Located in fungal-type vacuole. [provided by Alliance of Genome Resources, Apr 2025]",N/A,N/A
YBR200W-A,1466449,N/A,"Predicted to be located in extracellular region. [provided by Alliance of Genome Resources, Jul 2025]",N/A,N/A
DER1,852500,N/A,"Enables misfolded protein binding activity. Involved in misfolded protein transport and retrograde protein transport, ER to cytosol. Located in endoplasmic reticulum membrane. Part of Hrd1p ubiquitin ligase ERAD-L complex. [provided by Alliance of Genome Resources, Jul 2025]",N/A,N/A
LDH1,852503,N/A,"Enables triacylglycerol lipase activity. Involved in lipid homeostasis. Located in lipid droplet. [provided by Alliance of Genome Resources, Jul 2025]",N/A,N/A
NGR1,852513,N/A,"Enables mRNA binding activity. Involved in 3'-UTR-mediated mRNA destabilization and mitochondrion organization. Located in P-body; cytoplasmic stress granule; and perinuclear region of cytoplasm. Orthologous to human TRNAU1AP (tRNA selenocysteine 1 associated protein 1). [provided by Alliance of Genome Resources, Jul 2025]",N/A,N/A
SDS24,852515,N/A,"Predicted to enable protein serine/threonine phosphatase inhibitor activity. Involved in endocytosis and septum digestion after cytokinesis. Located in cytosol. [provided by Alliance of Genome Resources, Jul 2025]",N/A,N/A
YBR225W,852526,N/A,N/A,N/A,N/A
OM14,852531,N/A,"Enables nascent polypeptide-associated complex binding activity. Involved in protein targeting to mitochondrion and ribosome localization. Located in mitochondrial inner-outer membrane contact site and mitochondrial outer membrane. [provided by Alliance of Genome Resources, Jul 2025]",N/A,N/A
YBR230W-A,2777172,N/A,N/A,N/A,N/A
PBP2,852533,N/A,"Enables mRNA binding activity. Involved in telomere maintenance. Located in cytoplasm and nucleus. Orthologous to several human genes including PCBP1 (poly(rC) binding protein 1); PCBP2 (poly(rC) binding protein 2); and PCBP4 (poly(rC) binding protein 4). [provided by Alliance of Genome Resources, Jul 2025]",N/A,N/A
THI2,852542,N/A,"Enables RNA polymerase II cis-regulatory region sequence-specific DNA binding activity. Involved in positive regulation of thiamine biosynthetic process and positive regulation of transcription by RNA polymerase II. Located in nucleus. [provided by Alliance of Genome Resources, Jul 2025]",N/A,N/A
YBR241C,852543,N/A,"Predicted to enable hexose transmembrane transporter activity. Predicted to be involved in monosaccharide transmembrane transport. Predicted to act upstream of or within hexose transmembrane transport. Located in fungal-type vacuole membrane. Human ortholog(s) of this gene implicated in childhood absence epilepsy; glucose metabolism disease (multiple); glycogen storage disease; myelomeningocele; and obesity. Orthologous to several human genes including SLC2A14 (solute carrier family 2 member 14); SLC2A3 (solute carrier family 2 member 3); and SLC2A4 (solute carrier family 2 member 4). [provided by Alliance of Genome Resources, Apr 2025]",N/A,N/A
ALG7,852545,N/A,"Enables UDP-N-acetylglucosamine-dolichyl-phosphate N-acetylglucosaminephosphotransferase activity. Involved in aerobic respiration and protein N-linked glycosylation. Located in endoplasmic reticulum. Part of UDP-N-acetylglucosamine transferase complex. Human ortholog(s) of this gene implicated in congenital disorder of glycosylation Ij and congenital myasthenic syndrome 13. Orthologous to human DPAGT1 (dolichyl-phosphate N-acetylglucosaminephosphotransferase 1). [provided by Alliance of Genome Resources, Jul 2025]",N/A,N/A
SPO23,852552,N/A,"Involved in meiotic cell cycle. [provided by Alliance of Genome Resources, Jul 2025]",N/A,N/A
RCF3,852558,N/A,"Predicted to be located in membrane. [provided by Alliance of Genome Resources, Jul 2025]",N/A,N/A
SDH8,852572,N/A,"Enables protein folding chaperone. Involved in mitochondrial respiratory chain complex II assembly. Located in mitochondrial matrix. Orthologous to human SDHAF4 (succinate dehydrogenase complex assembly factor 4). [provided by Alliance of Genome Resources, Jul 2025]",N/A,N/A
UBX7,852576,N/A,"Involved in sporulation resulting in formation of a cellular spore and ubiquitin-dependent protein catabolic process. Located in nuclear envelope. Orthologous to human UBXN4 (UBX domain protein 4). [provided by Alliance of Genome Resources, Jul 2025]",N/A,N/A
SAF1,852583,N/A,"Contributes to ubiquitin-protein transferase activity. Involved in SCF-dependent proteasomal ubiquitin-dependent protein catabolic process. Part of SCF ubiquitin ligase complex. [provided by Alliance of Genome Resources, Jul 2025]",N/A,N/A
YBR284W,852587,N/A,"Predicted to be located in membrane. Predicted to be active in cytosol. [provided by Alliance of Genome Resources, Jul 2025]",N/A,N/A
YBR285W,852588,N/A,"Enables ribosome binding activity. Involved in autophagy. Is active in autophagosome. [provided by Alliance of Genome Resources, Jul 2025]",N/A,N/A
YBR287W,852590,N/A,"Predicted to act upstream of or within transmembrane transport. Located in endoplasmic reticulum. [provided by Alliance of Genome Resources, Apr 2025]",N/A,N/A
SUL1,852638,N/A,"Enables DNA-binding transcription activator activity, RNA polymerase II-specific and RNA polymerase II cis-regulatory region sequence-specific DNA binding activity. Involved in cyanamide metabolic process and positive regulation of transcription by RNA polymerase II. Predicted to be active in nucleus. [provided by Alliance of Genome Resources, Jul 2025]",N/A,N/A
MAL33,852600,N/A,"Predicted to enable DNA-binding transcription factor activity. Predicted to be involved in regulation of DNA-templated transcription. Predicted to act upstream of or within DNA-templated transcription; maltose metabolic process; and regulation of transcription by RNA polymerase II. Predicted to be active in nucleus. [provided by Alliance of Genome Resources, Apr 2025]",N/A,N/A
MAL32,852602,N/A,"Enables alpha-1,4-glucosidase activity and glucan 1,4-alpha-maltotriohydrolase activity. Involved in maltose catabolic process and sucrose catabolic process. Located in plasma membrane. Human ortholog(s) of this gene implicated in cystinuria. Orthologous to human SLC3A1 (solute carrier family 3 member 1). [provided by Alliance of Genome Resources, Jul 2025]",N/A,N/A
COS2,852605,N/A,"Predicted to be involved in protein transport to vacuole involved in ubiquitin-dependent protein catabolic process via the multivesicular body sorting pathway. Located in endosome. [provided by Alliance of Genome Resources, Jul 2025]",N/A,N/A
LEU2,850342,N/A,"Enables 3-isopropylmalate dehydrogenase activity. Involved in L-leucine biosynthetic process and glyoxylate cycle. Located in cytosol. [provided by Alliance of Genome Resources, Jul 2025]",N/A,N/A
YCL019W,850340,N/A,"Predicted to enable several functions, including DNA polymerase activity; RNA nuclease activity; and peptidase activity. Predicted to be involved in retrotransposition. Predicted to act upstream of or within several processes, including DNA metabolic process; transposition; and viral translational frameshifting. Located in nucleus. [provided by Alliance of Genome Resources, Apr 2025]",N/A,N/A
YCL021W-A,850338,N/A,"Located in fungal-type vacuole. [provided by Alliance of Genome Resources, Jul 2025]",N/A,N/A
FRM2,850332,N/A,"Enables oxidoreductase activity, acting on NAD(P)H. Involved in cellular response to oxidative stress and negative regulation of fatty acid metabolic process. Located in cytoplasm and nucleus. [provided by Alliance of Genome Resources, Jul 2025]",N/A,N/A
HBN1,850331,N/A,"Predicted to enable oxidoreductase activity. Predicted to act upstream of or within cellular response to oxidative stress. Located in cytoplasm and nucleus. [provided by Alliance of Genome Resources, Apr 2025]",N/A,N/A
FUS1,850330,N/A,"Involved in cytogamy and maintenance of protein location in cell cortex. Located in mating projection tip and plasma membrane. [provided by Alliance of Genome Resources, Jul 2025]",N/A,N/A
HIS4,850327,N/A,"Enables histidinol dehydrogenase activity; phosphoribosyl-AMP cyclohydrolase activity; and phosphoribosyl-ATP diphosphatase activity. Involved in L-histidine biosynthetic process. Located in cytoplasm. [provided by Alliance of Genome Resources, Jul 2025]",N/A,N/A
GRX1,850322,N/A,"Enables glutathione peroxidase activity and glutathione transferase activity. Involved in cellular response to oxidative stress and protein glutathionylation. Located in cytoplasm and nucleus. Orthologous to human GLRX2 (glutaredoxin 2). [provided by Alliance of Genome Resources, Jul 2025]",N/A,N/A
ATG22,850319,N/A,"Involved in amino acid transmembrane export from vacuole. Located in fungal-type vacuole membrane. [provided by Alliance of Genome Resources, Jul 2025]",N/A,N/A
GID7,850318,N/A,"Involved in negative regulation of gluconeogenesis and proteasome-mediated ubiquitin-dependent protein catabolic process. Located in peroxisome. Part of GID complex. Orthologous to human WDR26 (WD repeat domain 26). [provided by Alliance of Genome Resources, Jul 2025]",N/A,N/A
GLK1,850317,N/A,"Enables glucokinase activity. Involved in D-glucose import; glycolytic process; and hexose metabolic process. Located in cytosol and plasma membrane. Used to study hyperglycemia; hyperinsulinemic hypoglycemia; maturity-onset diabetes of the young; and neonatal diabetes mellitus. Human ortholog(s) of this gene implicated in several diseases, including Charcot-Marie-Tooth disease type 4G; anemia (multiple); artery disease (multiple); glucose metabolism disease (multiple); and hematologic cancer (multiple). Orthologous to several human genes including GCK (glucokinase). [provided by Alliance of Genome Resources, Apr 2025]",N/A,N/A
PDI1,850314,N/A,"Enables protein disulfide isomerase activity; protein-disulfide reductase activity; and unfolded protein binding activity. Involved in mannose trimming involved in glycoprotein ERAD pathway and protein folding. Located in endoplasmic reticulum lumen. Human ortholog(s) of this gene implicated in autoimmune hepatitis. Orthologous to several human genes including PDIA3 (protein disulfide isomerase family A member 3). [provided by Alliance of Genome Resources, Jul 2025]",N/A,N/A
MGR1,850313,N/A,"Enables misfolded protein binding activity. Involved in protein quality control for misfolded or incompletely synthesized proteins. Located in mitochondrion. Part of i-AAA complex. [provided by Alliance of Genome Resources, Jul 2025]",N/A,N/A
YCL048W-A,3799968,N/A,"Located in cell periphery and fungal-type vacuole. [provided by Alliance of Genome Resources, Jul 2025]",N/A,N/A
YCL049C,850308,N/A,"Located in membrane. [provided by Alliance of Genome Resources, Jul 2025]",N/A,N/A
APA1,851087,N/A,"Enables fatty acid elongase activity. Involved in late endosome to vacuole transport via multivesicular body sorting pathway; lipid biosynthetic process; and post-Golgi vesicle-mediated transport. Located in endoplasmic reticulum. Human ortholog(s) of this gene implicated in corneal dystrophy; spinocerebellar ataxia type 34; and spinocerebellar ataxia type 38. Orthologous to several human genes including ELOVL1 (ELOVL fatty acid elongase 1); ELOVL3 (ELOVL fatty acid elongase 3); and ELOVL4 (ELOVL fatty acid elongase 4). [provided by Alliance of Genome Resources, Jul 2025]",N/A,N/A
LRE1,850306,N/A,"Enables protein kinase inhibitor activity. Involved in fungal-type cell wall organization. Located in cellular bud neck. [provided by Alliance of Genome Resources, Jul 2025]",N/A,N/A
PBN1,850305,N/A,"Contributes to mannosyltransferase activity. Involved in ERAD pathway; GPI anchor biosynthetic process; and protein processing. Located in endoplasmic reticulum. Part of glycosylphosphatidylinositol-mannosyltransferase I complex. [provided by Alliance of Genome Resources, Jul 2025]",N/A,N/A
PRD1,850301,N/A,"Enables metalloendopeptidase activity. Involved in proteolysis. Located in Golgi apparatus; fungal-type vacuole; and mitochondrial intermembrane space. Orthologous to several human genes including NLN (neurolysin). [provided by Alliance of Genome Resources, Jul 2025]",N/A,N/A
CHA1,850295,N/A,"Enables L-serine ammonia-lyase activity and threonine deaminase activity. Involved in L-serine catabolic process and threonine catabolic process. Located in mitochondrial nucleoid. Orthologous to human SDS (serine dehydratase) and SDSL (serine dehydratase like). [provided by Alliance of Genome Resources, Apr 2025]",N/A,N/A
YCP4,850360,N/A,"Predicted to enable FMN binding activity and NAD(P)H dehydrogenase (quinone) activity. Acts upstream of or within positive regulation of ferroptosis. Located in eisosome and plasma membrane. Is active in cytoplasm. [provided by Alliance of Genome Resources, Jul 2025]",N/A,N/A
CIT2,850361,N/A,"Enables citrate (Si)-synthase activity. Involved in citrate metabolic process. Located in peroxisome. Human ortholog(s) of this gene implicated in dilated cardiomyopathy and hypertrophic cardiomyopathy. Orthologous to human CS (citrate synthase). [provided by Alliance of Genome Resources, Apr 2025]",N/A,N/A
RVS161,850367,N/A,"Enables cytoskeletal protein binding activity. Contributes to lipid binding activity. Involved in several processes, including actin cortical patch localization; lipid tube assembly; and plasma membrane tubulation. Located in actin cortical patch; mating projection; and membrane raft. Part of Rvs161p-Rvs167p complex. Orthologous to human BIN3 (bridging integrator 3). [provided by Alliance of Genome Resources, Jul 2025]",N/A,N/A
ADP1,850369,N/A,"Predicted to enable ATPase-coupled transmembrane transporter activity. Predicted to be involved in transmembrane transport. Located in endoplasmic reticulum and fungal-type vacuole membrane. Human ortholog(s) of this gene implicated in gout; hematologic cancer (multiple); renal cell carcinoma; and toxic encephalopathy. Orthologous to human ABCG2 (ATP binding cassette subfamily G member 2 (JR blood group)). [provided by Alliance of Genome Resources, Jul 2025]",N/A,N/A
PGK1,850370,N/A,"Enables phosphoglycerate kinase activity. Involved in gluconeogenesis and glycolytic process. Located in mitochondrion. Used to study cancer. Human ortholog(s) of this gene implicated in hemolytic anemia and phosphoglycerate kinase 1 deficiency. Orthologous to several human genes including PGK2 (phosphoglycerate kinase 2). [provided by Alliance of Genome Resources, Jul 2025]",N/A,N/A
HSP30,850385,N/A,"Involved in negative regulation of ATP-dependent activity. Located in plasma membrane. [provided by Alliance of Genome Resources, Jul 2025]",N/A,N/A
SYP1,850396,N/A,"Enables enzyme inhibitor activity. Involved in actin cortical patch assembly and septin cytoskeleton organization. Located in several cellular components, including cellular bud neck septin ring; endocytic patch; and mating projection base. Human ortholog(s) of this gene implicated in primary immunodeficiency disease. Orthologous to human FCHO1 (FCH and mu domain containing endocytic adaptor 1) and FCHO2 (FCH and mu domain containing endocytic adaptor 2). [provided by Alliance of Genome Resources, Jul 2025]",N/A,N/A
YCR061W,850425,N/A,"Involved in regulation of cell size. Located in cytoplasm. [provided by Alliance of Genome Resources, Jul 2025]",N/A,N/A
CPR4,850433,N/A,"Predicted to enable cyclosporin A binding activity and peptidyl-prolyl cis-trans isomerase activity. Predicted to be involved in protein folding. Predicted to act upstream of or within regulation of transcription by RNA polymerase II. Located in fungal-type vacuole. [provided by Alliance of Genome Resources, Apr 2025]",N/A,N/A
SOL2,850437,N/A,"Predicted to enable 6-phosphogluconolactonase activity. Involved in tRNA export from nucleus. Located in cytosol. Orthologous to human PGLS (6-phosphogluconolactonase). [provided by Alliance of Genome Resources, Jul 2025]",N/A,N/A
ERS1,850438,N/A,"Enables L-cystine transmembrane transporter activity. Involved in L-cystine transport. Located in endosome; fungal-type vacuole; and plasma membrane. Used to study several diseases, including carcinoma (multiple); colorectal cancer (multiple); congenital disorder of glycosylation type IIj; cystinosis; and hypoglycemia (multiple). Human ortholog(s) of this gene implicated in cystinosis. Orthologous to human CTNS (cystinosin, lysosomal cystine transporter). [provided by Alliance of Genome Resources, Jul 2025]",N/A,N/A
PTC6,850441,N/A,"Enables [pyruvate dehydrogenase (acetyl-transferring)]-phosphatase activity. Involved in autophagy of mitochondrion; macroautophagy; and regulation of mitophagy. Located in mitochondrial intermembrane space and mitochondrial matrix. Human ortholog(s) of this gene implicated in maple syrup urine disease. Orthologous to human PPM1K (protein phosphatase, Mg2+/Mn2+ dependent 1K). [provided by Alliance of Genome Resources, Jul 2025]",N/A,N/A
ABP1,850450,N/A,"Enables actin filament binding activity. Involved in actin cortical patch assembly; protein localization to actin cortical patch; and regulation of actin filament organization. Located in actin cortical patch. Orthologous to human DBNL (drebrin like). [provided by Alliance of Genome Resources, Jul 2025]",N/A,N/A
KIN82,850453,N/A,"Enables protein kinase activity. Involved in phospholipid translocation and response to pheromone triggering conjugation with cellular fusion. Predicted to be active in cytoplasm; nucleus; and plasma membrane. [provided by Alliance of Genome Resources, Jul 2025]",N/A,N/A
GIT1,850462,N/A,"Enables glycerol-3-phosphate transmembrane transporter activity and glycerophosphodiester transmembrane transporter activity. Involved in glycerol-3-phosphate transmembrane transport and glycerophosphodiester transmembrane transport. Located in plasma membrane. [provided by Alliance of Genome Resources, Jul 2025]",N/A,N/A
YCR100C,850464,N/A,"Predicted to be located in membrane. [provided by Alliance of Genome Resources, Jul 2025]",N/A,N/A
RPT2,851557,N/A,"Enables ATP hydrolysis activity and proteasome-activating activity. Involved in several processes, including nonfunctional rRNA decay; peptide catabolic process; and proteasome regulatory particle assembly. Located in nucleus. Part of proteasome regulatory particle, base subcomplex. Human ortholog(s) of this gene implicated in neurodevelopmental disorder with poor growth, spastic tetraplegia, and hearing loss. Orthologous to human PSMC1 (proteasome 26S subunit, ATPase 1). [provided by Alliance of Genome Resources, Jul 2025]",N/A,N/A
YDL009C,851553,N/A,"Located in cytosol. [provided by Alliance of Genome Resources, Jul 2025]",N/A,N/A
GRX6,851551,N/A,"Enables 2 iron, 2 sulfur cluster binding activity; glutathione-disulfide reductase (NADPH) activity; and iron ion binding activity. Involved in cellular response to oxidative stress. Located in Golgi apparatus; endoplasmic reticulum membrane; and fungal-type vacuole. [provided by Alliance of Genome Resources, Jul 2025]",N/A,N/A
OSH2,851543,N/A,"Enables lipid binding activity and sterol transfer activity. Involved in several processes, including ER to Golgi ceramide transport; maintenance of cell polarity; and piecemeal microautophagy of the nucleus. Acts upstream of or within reticulophagy. Located in several cellular components, including cellular bud neck; cortical endoplasmic reticulum; and nuclear envelope. Human ortholog(s) of this gene implicated in autosomal dominant nonsyndromic deafness 67. Orthologous to several human genes including OSBP (oxysterol binding protein) and OSBP2 (oxysterol binding protein 2). [provided by Alliance of Genome Resources, Apr 2025]",N/A,N/A
RPN4,851542,N/A,"Enables DNA-binding transcription activator activity, RNA polymerase II-specific and RNA polymerase II cis-regulatory region sequence-specific DNA binding activity. Involved in cellular response to arsenic-containing substance and regulation of nucleobase-containing compound metabolic process. Located in nucleus. [provided by Alliance of Genome Resources, Jul 2025]",N/A,N/A
GPM2,851541,N/A,"Predicted to enable phosphoglycerate mutase activity. Predicted to act upstream of or within glycolytic process. Located in cytoplasm. Human ortholog(s) of this gene implicated in familial erythrocytosis 8 and myoglobinuria. Orthologous to several human genes including BPGM (bisphosphoglycerate mutase); PGAM1 (phosphoglycerate mutase 1); and PGAM2 (phosphoglycerate mutase 2). [provided by Alliance of Genome Resources, Apr 2025]",N/A,N/A
GPD1,851539,N/A,"Enables glycerol-3-phosphate dehydrogenase [NAD(P)+] activity. Involved in intracellular accumulation of glycerol and protein import into peroxisome matrix. Located in cytosol; nucleus; and peroxisome. Human ortholog(s) of this gene implicated in Brugada syndrome 2. Orthologous to human GPD1 (glycerol-3-phosphate dehydrogenase 1) and GPD1L (glycerol-3-phosphate dehydrogenase 1 like). [provided by Alliance of Genome Resources, Jul 2025]",N/A,N/A
DIA3,851537,N/A,"Predicted to enable acid phosphatase activity. Involved in invasive growth in response to glucose limitation and pseudohyphal growth. Located in fungal-type cell wall. Human ortholog(s) of this gene implicated in papillary thyroid carcinoma and pontocerebellar hypoplasia type 16. Orthologous to human MINPP1 (multiple inositol-polyphosphate phosphatase 1). [provided by Alliance of Genome Resources, Jul 2025]",N/A,N/A
RTK1,851536,N/A,"Predicted to enable protein serine/threonine kinase activity. Predicted to act upstream of or within chromatin remodeling. Located in cell periphery and cellular bud neck. [provided by Alliance of Genome Resources, Apr 2025]",N/A,N/A
MRX9,851535,N/A,"Located in mitochondrial inner membrane. [provided by Alliance of Genome Resources, Jul 2025]",N/A,N/A
ARP2,851532,N/A,"Enables ATP binding activity and ATP hydrolysis activity. Involved in several processes, including actin cytoskeleton organization; ascospore wall assembly; and mitochondrion inheritance. Part of Arp2/3 protein complex. Orthologous to human ACTR2 (actin related protein 2). [provided by Alliance of Genome Resources, Jul 2025]",N/A,N/A
STP4,851512,N/A,"Enables sequence-specific DNA binding activity. Located in mitochondrion and nucleus. [provided by Alliance of Genome Resources, Jul 2025]",N/A,N/A
SLC1,851508,N/A,"Enables 1-acylglycerol-3-phosphate O-acyltransferase activity. Involved in glycerophospholipid biosynthetic process. Located in lipid droplet. Human ortholog(s) of this gene implicated in congenital generalized lipodystrophy type 1 and lipodystrophy. Orthologous to human AGPAT1 (1-acylglycerol-3-phosphate O-acyltransferase 1) and AGPAT2 (1-acylglycerol-3-phosphate O-acyltransferase 2). [provided by Alliance of Genome Resources, Jul 2025]",N/A,N/A
MCH1,851506,N/A,"Predicted to enable transmembrane transporter activity. Predicted to act upstream of or within transmembrane transport. Located in fungal-type vacuole membrane. [provided by Alliance of Genome Resources, Apr 2025]",N/A,N/A
IDP1,851493,N/A,"Enables isocitrate dehydrogenase (NADP+) activity. Involved in glutamate biosynthetic process. Located in mitochondrial nucleoid. Used to study high grade glioma. Human ortholog(s) of this gene implicated in autoimmune disease; hematologic cancer (multiple); hepatocellular clear cell carcinoma; and high grade glioma (multiple). Orthologous to human IDH1 (isocitrate dehydrogenase (NADP(+)) 1). [provided by Alliance of Genome Resources, Jul 2025]",N/A,N/A
YET3,851487,N/A,"Predicted to be involved in endoplasmic reticulum to Golgi vesicle-mediated transport and protein localization to endoplasmic reticulum exit site. Predicted to act upstream of or within intracellular protein transport and vesicle-mediated transport. Located in endoplasmic reticulum. Human ortholog(s) of this gene implicated in deafness, dystonia, and cerebral hypomyelination and sensorineural hearing loss. Orthologous to several human genes including BCAP31 (B cell receptor associated protein 31). [provided by Alliance of Genome Resources, Apr 2025]",N/A,N/A
RXT3,851483,N/A,"Involved in negative regulation of transcription by RNA polymerase I. Located in nucleus. Part of Rpd3L complex. [provided by Alliance of Genome Resources, Jul 2025]",N/A,N/A
MRK1,851480,N/A,"Predicted to enable protein serine/threonine kinase activity and protein serine/threonine/tyrosine kinase activity. Involved in regulation of protein catabolic process. Predicted to be active in cytoplasm and nucleus. Human ortholog(s) of this gene implicated in Alzheimer's disease; amyotrophic lateral sclerosis; bipolar disorder; oral squamous cell carcinoma; and schizophrenia. Orthologous to human GSK3A (glycogen synthase kinase 3 alpha) and GSK3B (glycogen synthase kinase 3 beta). [provided by Alliance of Genome Resources, Jul 2025]",N/A,N/A
NDE2,851474,N/A,"Predicted to enable NADH dehydrogenase activity. Involved in glycolytic fermentation to ethanol. Located in mitochondrion. [provided by Alliance of Genome Resources, Jul 2025]",N/A,N/A
NUR1,851469,N/A,"Involved in maintenance of rDNA and regulation of exit from mitosis. Located in nuclear periphery. [provided by Alliance of Genome Resources, Jul 2025]",N/A,N/A
UBX3,851467,N/A,"Enables clathrin binding activity. Involved in clathrin-dependent endocytosis. Located in clathrin-coated vesicle. Part of Dsc E3 ubiquitin ligase complex. Orthologous to several human genes including FAF2 (Fas associated factor family member 2). [provided by Alliance of Genome Resources, Apr 2025]",N/A,N/A
TMA17,851448,N/A,"Enables enzyme activator activity and protein-macromolecule adaptor activity. Involved in fatty acid biosynthetic process and proteasome regulatory particle assembly. Located in cytoplasm and nucleus. Part of fatty acid synthase complex. [provided by Alliance of Genome Resources, Jul 2025]",N/A,N/A
ATG20,851445,N/A,"Enables phosphatidylinositol-3-phosphate binding activity. Involved in several processes, including autophagy of mitochondrion; cytoplasm to vacuole targeting by the Cvt pathway; and early endosome to Golgi transport. Located in endosome and phagophore assembly site. [provided by Alliance of Genome Resources, Jul 2025]",N/A,N/A
IWR1,851442,N/A,"Involved in protein import into nucleus. Located in cytoplasm and nucleus. [provided by Alliance of Genome Resources, Jul 2025]",N/A,N/A
YDL124W,851433,N/A,"Enables aldose reductase (NADPH) activity; alpha-keto amide reductase activity; and alpha-ketoester reductase (NADPH) activity. Involved in cellular response to oxidative stress and ketone metabolic process. Located in cytoplasm; nucleus; and plasma membrane. [provided by Alliance of Genome Resources, Jul 2025]",N/A,N/A
CDC48,851431,N/A,"Enables several functions, including ATP hydrolysis activity; polyubiquitin modification-dependent protein binding activity; and ubiquitin binding activity. Involved in several processes, including SCF complex disassembly in response to cadmium stress; macroautophagy; and proteolysis involved in protein catabolic process. Acts upstream of or within endosome to plasma membrane protein transport. Located in cytosol; endoplasmic reticulum membrane; and nucleus. Part of several cellular components, including Cdc48p-Npl4p-Vms1p AAA ATPase complex; RQC complex; and endoplasmic reticulum membrane. Used to study Charcot-Marie-Tooth disease type 2Y; frontotemporal dementia and/or amyotrophic lateral sclerosis 6; and inclusion body myopathy with Paget disease of bone and frontotemporal dementia. Human ortholog(s) of this gene implicated in several diseases, including Charcot-Marie-Tooth disease type 2Y; Paget's disease of bone; frontotemporal dementia and/or amyotrophic lateral sclerosis 6; inclusion body myopathy with Paget disease of bone and frontotemporal dementia (multiple); and inclusion body myositis. Orthologous to human VCP (valosin containing protein). [provided by Alliance of Genome Resources, Apr 2025]",N/A,N/A
STF1,851426,N/A,"Enables ATPase binding activity. Involved in negative regulation of ATP-dependent activity. Located in mitochondrion. [provided by Alliance of Genome Resources, Jul 2025]",N/A,N/A
SCM3,851416,N/A,"Enables CENP-A containing nucleosome binding activity. Involved in several processes, including G2/M transition of mitotic cell cycle; kinetochore assembly; and negative regulation of ubiquitin-dependent protein catabolic process. Located in condensed chromosome, centromeric region. [provided by Alliance of Genome Resources, Jul 2025]",N/A,N/A
CRD1,851413,N/A,"Enables cardiolipin synthase (CMP-forming). Involved in several processes, including intracellular monoatomic ion homeostasis; mitochondrion organization; and protein targeting to membrane. Located in mitochondrion. Human ortholog(s) of this gene implicated in combined oxidative phosphorylation deficiency 57. Orthologous to human CRLS1 (cardiolipin synthase 1). [provided by Alliance of Genome Resources, Jul 2025]",N/A,N/A
LDB17,851409,N/A,"Predicted to enable Arp2/3 complex binding activity. Involved in endocytosis. Located in actin cortical patch. Orthologous to human NCKIPSD (NCK interacting protein with SH3 domain). [provided by Alliance of Genome Resources, Jul 2025]",N/A,N/A
ATG9,851406,N/A,"Enables phospholipid scramblase activity. Involved in cytoplasm to vacuole targeting by the Cvt pathway; macroautophagy; and phospholipid translocation. Located in several cellular components, including cytoplasmic vesicle membrane; phagophore; and phagophore assembly site. Orthologous to human ATG9A (autophagy related 9A) and ATG9B (autophagy related 9B). [provided by Alliance of Genome Resources, Jul 2025]",N/A,N/A
STE7,851396,N/A,"Enables MAP kinase kinase activity. Involved in several processes, including MAPK cascade; invasive growth in response to glucose limitation; and pseudohyphal growth. Located in cytoplasm and mating projection tip. Human ortholog(s) of this gene implicated in carcinoma (multiple); cardiofaciocutaneous syndrome 3; cardiofaciocutaneous syndrome 4; high grade glioma; and melorheostosis. Orthologous to human MAP2K1 (mitogen-activated protein kinase kinase 1) and MAP2K2 (mitogen-activated protein kinase kinase 2). [provided by Alliance of Genome Resources, Jul 2025]",N/A,N/A
UGX2,851385,N/A,N/A,N/A,N/A
UGA3,851384,N/A,"Enables DNA-binding transcription activator activity, RNA polymerase II-specific; RNA polymerase II cis-regulatory region sequence-specific DNA binding activity; and RNA polymerase II sequence-specific DNA-binding transcription factor recruiting activity. Involved in gamma-aminobutyric acid catabolic process; nitrogen utilization; and positive regulation of transcription by RNA polymerase II. Located in nucleus. [provided by Alliance of Genome Resources, Jul 2025]",N/A,N/A
DLD1,851380,N/A,"Enables D-lactate dehydrogenase (cytochrome) activity. Involved in lactate catabolic process. Located in mitochondrial inner membrane. Orthologous to human LDHD (lactate dehydrogenase D). [provided by Alliance of Genome Resources, Jul 2025]",N/A,N/A
YDL186W,851340,N/A,N/A,N/A,N/A
NUS1,851334,N/A,"Contributes to ditrans,polycis-polyprenyl diphosphate synthase [(2E,6E)-farnesyl diphosphate specific] activity. Involved in dolichol biosynthetic process and protein glycosylation. Located in endoplasmic reticulum and lipid droplet. Part of dehydrodolichyl diphosphate synthase complex. Used to study congenital disorder of glycosylation. Human ortholog(s) of this gene implicated in autosomal dominant intellectual developmental disorder 55 and congenital disorder of glycosylation Iaa. Orthologous to human NUS1 (NUS1 dehydrodolichyl diphosphate synthase subunit). [provided by Alliance of Genome Resources, Jul 2025]",N/A,N/A
SNF3,851333,N/A,"Predicted to enable carbohydrate:proton symporter activity. Involved in glucose mediated signaling pathway; hexose transmembrane transport; and negative regulation of meiotic nuclear division. Located in plasma membrane. [provided by Alliance of Genome Resources, Jul 2025]",N/A,N/A
YDL199C,851328,N/A,"Predicted to enable carbohydrate:proton symporter activity. Predicted to be involved in carbohydrate transport and transmembrane transport. Predicted to act upstream of or within carbohydrate transmembrane transport and proton transmembrane transport. Located in fungal-type vacuole membrane. [provided by Alliance of Genome Resources, Apr 2025]",N/A,N/A
RTN2,851323,N/A,"Involved in ER-dependent peroxisome organization; endoplasmic reticulum organization; and response to endoplasmic reticulum stress. Located in cortical endoplasmic reticulum. Human ortholog(s) of this gene implicated in hereditary spastic paraplegia 12. Orthologous to several human genes including RTN2 (reticulon 2). [provided by Alliance of Genome Resources, Jul 2025]",N/A,N/A
YDL206W,851321,N/A,"Predicted to enable monoatomic cation transmembrane transporter activity. Acts upstream of or within calcineurin-mediated signaling. Located in fungal-type vacuole membrane. Is active in Golgi apparatus and endoplasmic reticulum. Orthologous to human SLC8B1 (solute carrier family 8 member B1). [provided by Alliance of Genome Resources, Jul 2025]",N/A,N/A
GDH2,851311,N/A,"Enables glutamate dehydrogenase (NAD+) activity. Predicted to be involved in glutamate catabolic process. Located in mitochondrion. Is active in cytosol. [provided by Alliance of Genome Resources, Apr 2025]",N/A,N/A
RRI1,851310,N/A,"Enables metalloendopeptidase activity. Involved in several processes, including cellular response to pheromone; positive regulation of ergosterol biosynthetic process; and protein deneddylation. Part of COP9 signalosome. Orthologous to human COPS5 (COP9 signalosome subunit 5). [provided by Alliance of Genome Resources, Jul 2025]",N/A,N/A
FMP45,851304,N/A,"Involved in ascospore formation and fungal-type cell wall organization. Located in cell cortex. [provided by Alliance of Genome Resources, Jul 2025]",N/A,N/A
PTP1,851368,N/A,"Enables protein tyrosine phosphatase activity. Involved in invasive growth in response to glucose limitation and pseudohyphal growth. Located in mitochondrion. Human ortholog(s) of this gene implicated in several diseases, including artery disease (multiple); autoimmune disease (multiple); glucose metabolism disease (multiple); lung disease (multiple); and severe combined immunodeficiency (multiple). Orthologous to several human genes including PTPN7 (protein tyrosine phosphatase non-receptor type 7). [provided by Alliance of Genome Resources, Jul 2025]",N/A,N/A
GYP7,851364,N/A,"Enables GTPase activator activity. Involved in regulation of vacuole fusion, non-autophagic and vesicle-mediated transport. Located in cytoplasm. Is active in late endosome. Orthologous to human TBC1D15 (TBC1 domain family member 15) and TBC1D17 (TBC1 domain family member 17). [provided by Alliance of Genome Resources, Jul 2025]",N/A,N/A
GUD1,851360,N/A,"Enables guanine deaminase activity. Involved in guanine catabolic process. Located in cytoplasm. Orthologous to human GDA (guanine deaminase). [provided by Alliance of Genome Resources, Jul 2025]",N/A,N/A
ADY3,851359,N/A,"Predicted to enable chromatin binding activity. Involved in ascospore wall assembly; ascospore-type prospore membrane formation; and mitochondrion inheritance. Located in peroxisome; prospore membrane leading edge; and spindle pole body. [provided by Alliance of Genome Resources, Jul 2025]",N/A,N/A
THI13,851353,N/A,"Predicted to enable metal ion binding activity and transferase activity. Involved in thiamine biosynthetic process. [provided by Alliance of Genome Resources, Jul 2025]",N/A,N/A
SOR2,851351,N/A,"Enables L-iditol 2-dehydrogenase (NAD+) activity. Predicted to be involved in hexose metabolic process and sorbitol catabolic process. Human ortholog(s) of this gene implicated in autosomal recessive distal hereditary motor neuronopathy 8. Orthologous to human SORD (sorbitol dehydrogenase). [provided by Alliance of Genome Resources, Jul 2025]",N/A,N/A
MPH2,851350,N/A,"Enables maltose transmembrane transporter activity. Involved in carbohydrate transport and transmembrane transport. Located in cell periphery. [provided by Alliance of Genome Resources, Jul 2025]",N/A,N/A
COS7,851348,N/A,"Enables cargo receptor activity. Predicted to be involved in protein transport to vacuole involved in ubiquitin-dependent protein catabolic process via the multivesicular body sorting pathway. Located in fungal-type vacuole and mitochondrion. [provided by Alliance of Genome Resources, Jul 2025]",N/A,N/A
NTH1,851564,N/A,"Predicted to enable alpha,alpha-trehalase activity. Involved in cellular response to desiccation and trehalose catabolic process. Located in cytoplasm. Orthologous to human TREH (trehalase). [provided by Alliance of Genome Resources, Jul 2025]",N/A,N/A
RCR2,851566,N/A,"Enables protein-macromolecule adaptor activity. Involved in protein localization to vacuole and vesicle-mediated transport. Located in vesicle. Is active in fungal-type vacuole. [provided by Alliance of Genome Resources, Jul 2025]",N/A,N/A
YDR003W-A,1466432,N/A,N/A,N/A,N/A
MAF1,851568,N/A,"Enables RNA polymerase III core binding activity. Involved in negative regulation of transcription by RNA polymerase III. Located in cytoplasm and nucleolus. Orthologous to human MAF1 (MAF1 homolog, negative regulator of RNA polymerase III). [provided by Alliance of Genome Resources, Jul 2025]",N/A,N/A
SOK1,851569,N/A,"Involved in cAMP/PKA signal transduction. Located in nucleus. Orthologous to several human genes including TCP11 (t-complex 11). [provided by Alliance of Genome Resources, Jul 2025]",N/A,N/A
YDR018C,851581,N/A,"Enables lysophosphatidic acid acyltransferase activity. Involved in phosphatidic acid biosynthetic process. Acts upstream of or within phosphatidylethanolamine acyl-chain remodeling and phosphatidylserine acyl-chain remodeling. Located in endoplasmic reticulum and nucleus. Is active in mitochondria-associated endoplasmic reticulum membrane contact site. Orthologous to several human genes including AGPAT3 (1-acylglycerol-3-phosphate O-acyltransferase 3) and AGPAT4 (1-acylglycerol-3-phosphate O-acyltransferase 4). [provided by Alliance of Genome Resources, Jul 2025]",N/A,N/A
YDR022C,851585,N/A,"Involved in autophagy of mitochondrion and piecemeal microautophagy of the nucleus. Located in phagophore assembly site. Part of Atg1/ULK1 kinase complex. [provided by Alliance of Genome Resources, Jul 2025]",N/A,N/A
VPS54,851591,N/A,"Predicted to enable syntaxin binding activity. Involved in several processes, including Golgi to vacuole transport; ascospore wall assembly; and intracellular sphingolipid homeostasis. Located in Golgi apparatus. Part of GARP complex. Orthologous to human VPS54 (VPS54 subunit of GARP complex). [provided by Alliance of Genome Resources, Jul 2025]",N/A,N/A
MIX14,851595,N/A,"Involved in aerobic respiration. Located in mitochondrial intermembrane space. Orthologous to human CHCHD5 (coiled-coil-helix-coiled-coil-helix domain containing 5). [provided by Alliance of Genome Resources, Jul 2025]",N/A,N/A
YDR034C-D,851599,N/A,"Predicted to enable several functions, including DNA polymerase activity; RNA nuclease activity; and peptidase activity. Predicted to be involved in retrotransposition. Predicted to act upstream of or within several processes, including DNA metabolic process; transposition; and viral translational frameshifting. Located in nucleus. [provided by Alliance of Genome Resources, Apr 2025]",N/A,N/A
YDR034W-B,851604,N/A,"Located in plasma membrane. Is active in cell periphery and vacuolar membrane. [provided by Alliance of Genome Resources, Jul 2025]",N/A,N/A
YDR042C,851612,N/A,N/A,N/A,N/A
NRG1,851613,N/A,"Enables DNA-binding transcription repressor activity, RNA polymerase II-specific; RNA polymerase II cis-regulatory region sequence-specific DNA binding activity; and RNA polymerase II-specific DNA-binding transcription factor binding activity. Involved in several processes, including cellular hyperosmotic salinity response; negative regulation of growth of unicellular organism as a thread of attached cells; and single-species biofilm formation. Located in nucleus. [provided by Alliance of Genome Resources, Apr 2025]",N/A,N/A
YOS9,851627,N/A,"Enables oligosaccharide binding activity. Involved in endoplasmic reticulum unfolded protein response; retrograde protein transport, ER to cytosol; and ubiquitin-dependent glycoprotein ERAD pathway. Located in endoplasmic reticulum lumen. Part of Hrd1p ubiquitin ligase ERAD-L complex and luminal surveillance complex. Orthologous to several human genes including ERLEC1 (endoplasmic reticulum lectin 1). [provided by Alliance of Genome Resources, Jul 2025]",N/A,N/A
TGL2,851628,N/A,"Enables triacylglycerol lipase activity. Involved in triglyceride catabolic process. Located in mitochondrial inner membrane and mitochondrial intermembrane space. Is active in mitochondrion. [provided by Alliance of Genome Resources, Jul 2025]",N/A,N/A
UBC5,851631,N/A,"Enables proteasome binding activity and ubiquitin-protein transferase activity. Involved in protein polyubiquitination. Predicted to be active in nucleus. Orthologous to human UBE2D1 (ubiquitin conjugating enzyme E2 D1). [provided by Alliance of Genome Resources, Jul 2025]",N/A,N/A
YDR061W,851633,N/A,"Predicted to enable ATP binding activity and ATP hydrolysis activity. Located in mitochondrion. [provided by Alliance of Genome Resources, Jul 2025]",N/A,N/A
DOA4,851641,N/A,"Enables cysteine-type deubiquitinase activity. Involved in several processes, including ATP export; free ubiquitin chain depolymerization; and intralumenal vesicle formation. Located in endosome. Part of proteasome complex. Orthologous to human USP2 (ubiquitin specific peptidase 2). [provided by Alliance of Genome Resources, Jul 2025]",N/A,N/A
FMP16,851642,N/A,"Located in mitochondrion. [provided by Alliance of Genome Resources, Jul 2025]",N/A,N/A
TPS2,851646,N/A,"Enables trehalose-phosphatase activity. Involved in cellular response to nitrogen starvation; positive regulation of autophagy; and trehalose biosynthetic process. Located in mitochondrion. Part of alpha,alpha-trehalose-phosphate synthase complex (UDP-forming). [provided by Alliance of Genome Resources, Jul 2025]",N/A,N/A
SED1,851649,N/A,"A structural constituent of cell wall. Involved in fungal-type cell wall organization and mitochondrial genome maintenance. Located in fungal-type cell wall; mitochondrion; and ribosome. [provided by Alliance of Genome Resources, Jul 2025]",N/A,N/A
GIS1,851670,N/A,"Enables DNA-binding transcription repressor activity, RNA polymerase II-specific; RNA polymerase II cis-regulatory region sequence-specific DNA binding activity; and histone H3K36 demethylase activity. Involved in negative regulation of transcription by RNA polymerase II; positive regulation of transcription by RNA polymerase II; and regulation of phospholipid biosynthetic process. Located in cytosol and nucleus. Human ortholog(s) of this gene implicated in several diseases, including autistic disorder; autosomal dominant intellectual developmental disorder 65; gastrointestinal system cancer (multiple); head and neck cancer; and withdrawal disorder. Orthologous to several human genes including KDM4A (lysine demethylase 4A); KDM4B (lysine demethylase 4B); and KDM4C (lysine demethylase 4C). [provided by Alliance of Genome Resources, Jul 2025]",N/A,N/A
GRX3,851672,N/A,"Enables RNA polymerase II-specific DNA-binding transcription factor binding activity; disulfide oxidoreductase activity; and iron-sulfur cluster binding activity. Involved in actin cytoskeleton organization and intracellular iron ion homeostasis. Located in cytosol and nucleus. Orthologous to human GLRX3 (glutaredoxin 3). [provided by Alliance of Genome Resources, Jul 2025]",N/A,N/A
YDR098C-B,851674,N/A,"Predicted to enable several functions, including DNA polymerase activity; RNA nuclease activity; and peptidase activity. Predicted to be involved in retrotransposition. Predicted to act upstream of or within several processes, including DNA metabolic process; transposition; and viral translational frameshifting. Located in nucleus. [provided by Alliance of Genome Resources, Apr 2025]",N/A,N/A
TVP15,851677,N/A,"Involved in vesicle-mediated transport. Located in Golgi membrane. [provided by Alliance of Genome Resources, Jul 2025]",N/A,N/A
STE5,851680,N/A,"Enables G-protein beta-subunit binding activity; MAP-kinase scaffold activity; and phosphatidylinositol-4,5-bisphosphate binding activity. Involved in several processes, including invasive growth in response to glucose limitation; negative regulation of MAPK cascade; and pheromone-dependent signal transduction involved in conjugation with cellular fusion. Located in cytoplasm; mating projection tip membrane; and nucleus. [provided by Alliance of Genome Resources, Jul 2025]",N/A,N/A
ARP10,851683,N/A,"A structural constituent of cytoskeleton. Involved in mitotic cell cycle. Located in cytoplasm. Part of dynactin complex. [provided by Alliance of Genome Resources, Jul 2025]",N/A,N/A
COX26,3799970,N/A,"Located in mitochondrial inner membrane. Part of respiratory chain complex IV. [provided by Alliance of Genome Resources, Jul 2025]",N/A,N/A
KIN1,851700,N/A,"Enables protein serine/threonine kinase activity. Involved in positive regulation of IRE1-mediated unfolded protein response and positive regulation of exocytosis. Located in cytoplasmic side of plasma membrane. [provided by Alliance of Genome Resources, Jul 2025]",N/A,N/A
YDR124W,851702,N/A,"Located in mitochondrion. [provided by Alliance of Genome Resources, Jul 2025]",N/A,N/A
ECM18,851703,N/A,"Predicted to enable lysophosphatidic acid acyltransferase activity and phospholipase A2 activity. Predicted to be involved in cardiolipin acyl-chain remodeling; lipid homeostasis; and phosphatidic acid biosynthetic process. Predicted to act upstream of or within cell wall organization. Located in mitochondrion. Human ortholog(s) of this gene implicated in Chanarin-Dorfman syndrome; autosomal recessive congenital ichthyosis 1; and colon adenocarcinoma. Orthologous to human ABHD4 (abhydrolase domain containing 4, N-acyl phospholipase B) and ABHD5 (abhydrolase domain containing 5, lysophosphatidic acid acyltransferase). [provided by Alliance of Genome Resources, Apr 2025]",N/A,N/A
SAC6,851707,N/A,"Enables actin filament binding activity and protein-macromolecule adaptor activity. Involved in formin-nucleated actin cable assembly. Located in actin cortical patch and actin filament bundle. Used to study Huntington's disease. Human ortholog(s) of this gene implicated in autosomal dominant nonsyndromic deafness 76; congenital diaphragmatic hernia; and nicotine dependence. Orthologous to several human genes including PLS1 (plastin 1) and PLS3 (plastin 3). [provided by Alliance of Genome Resources, Jul 2025]",N/A,N/A
YDR132C,851710,N/A,"Predicted to act upstream of or within protein homooligomerization. Located in mitochondrion and nucleus. [provided by Alliance of Genome Resources, Apr 2025]",N/A,N/A
KGD2,851726,N/A,"Enables dihydrolipoyllysine-residue succinyltransferase activity. Involved in 2-oxoglutarate metabolic process and cellular respiration. Located in mitochondrial nucleoid. Part of oxoglutarate dehydrogenase complex. Human ortholog(s) of this gene implicated in Alzheimer's disease and paraganglioma. Orthologous to human DLST (dihydrolipoamide S-succinyltransferase). [provided by Alliance of Genome Resources, Jul 2025]",N/A,N/A
STB3,851747,N/A,"Enables DNA-binding transcription activator activity, RNA polymerase II-specific and transcription cis-regulatory region binding activity. Involved in cellular response to glucose stimulus and positive regulation of transcription by RNA polymerase II. Located in cytoplasm and nucleus. [provided by Alliance of Genome Resources, Jul 2025]",N/A,N/A
YDR169C-A,1466433,N/A,N/A,N/A,N/A
YDR170W-A,851750,N/A,"Predicted to enable RNA binding activity. Predicted to be involved in retrotransposition. Located in cytoplasm. [provided by Alliance of Genome Resources, Jul 2025]",N/A,N/A
HSP42,851751,N/A,"Enables protein sequestering activity. Involved in cytoskeleton organization. Located in cytoplasm. [provided by Alliance of Genome Resources, Jul 2025]",N/A,N/A
ARG82,851753,N/A,"Enables 1-phosphatidylinositol-3-kinase activity; inositol phosphate kinase activity; and protein-macromolecule adaptor activity. Involved in several processes, including organophosphate biosynthetic process; protein stabilization; and regulation of transcription by RNA polymerase II. Located in nucleus. Orthologous to human IPMK (inositol polyphosphate multikinase). [provided by Alliance of Genome Resources, Jul 2025]",N/A,N/A
HMO1,851754,N/A,"Enables DNA binding activity, bending; double-stranded DNA binding activity; and four-way junction DNA binding activity. Involved in several processes, including chromosome organization; regulation of DNA-templated transcription; and transcriptional start site selection at RNA polymerase II promoter. Acts upstream of or within chromatin organization. Located in cytosol; nucleus; and rDNA heterochromatin. Part of small-subunit processome. Is active in nucleolus. [provided by Alliance of Genome Resources, Jul 2025]",N/A,N/A
SDH4,851758,N/A,"Contributes to succinate dehydrogenase (quinone) activity. Involved in cellular respiration. Located in mitochondrion. Part of respiratory chain complex II (succinate dehydrogenase). Used to study hypertrophic cardiomyopathy; mitochondrial complex II deficiency; and paraganglioma. Human ortholog(s) of this gene implicated in Carney-Stratakis syndrome; mitochondrial complex II deficiency; and paraganglioma. Orthologous to human SDHD (succinate dehydrogenase complex subunit D). [provided by Alliance of Genome Resources, Jul 2025]",N/A,N/A
COQ4,851785,N/A,"Involved in ubiquinone biosynthetic process. Located in mitochondrial inner membrane. Used to study coenzyme Q10 deficiency disease. Human ortholog(s) of this gene implicated in primary coenzyme Q10 deficiency 7 and spastic ataxia. Orthologous to human COQ4 (coenzyme Q4). [provided by Alliance of Genome Resources, Apr 2025]",N/A,N/A
YDR210C-D,851794,N/A,"Predicted to enable several functions, including DNA polymerase activity; RNA nuclease activity; and peptidase activity. Predicted to be involved in retrotransposition. Predicted to act upstream of or within several processes, including DNA metabolic process; transposition; and viral translational frameshifting. Located in nucleus. [provided by Alliance of Genome Resources, Apr 2025]",N/A,N/A
YDR210W-B,851793,N/A,"Predicted to enable several functions, including DNA polymerase activity; RNA nuclease activity; and peptidase activity. Predicted to be involved in retrotransposition. Predicted to act upstream of or within several processes, including DNA metabolic process; transposition; and viral translational frameshifting. Located in nucleus. [provided by Alliance of Genome Resources, Apr 2025]",N/A,N/A
AHA1,851800,N/A,"Enables ATPase activator activity and protein-folding chaperone binding activity. Involved in protein folding. Acts upstream of or within protein import into nucleus. Located in cytoplasm and nucleus. Orthologous to several human genes including AHSA1 (activator of HSP90 ATPase activity 1). [provided by Alliance of Genome Resources, Apr 2025]",N/A,N/A
YDR215C,851801,N/A,"Predicted to be located in membrane. [provided by Alliance of Genome Resources, Jul 2025]",N/A,N/A
ADR1,851802,N/A,"Enables several functions, including RNA polymerase II cis-regulatory region sequence-specific DNA binding activity; RNA polymerase II general transcription initiation factor binding activity; and transcription coactivator activity. Involved in several processes, including cellular response to ethanol; positive regulation of metabolic process; and positive regulation of peroxisome organization. Located in nucleus. [provided by Alliance of Genome Resources, Jul 2025]",N/A,N/A
CRF1,855784,N/A,"Involved in phospholipid translocation. Located in trans-Golgi network. Orthologous to several human genes including TMEM30B (transmembrane protein 30B). [provided by Alliance of Genome Resources, Apr 2025]",N/A,N/A
COX20,851817,N/A,"Enables unfolded protein binding activity. Involved in mitochondrial cytochrome c oxidase assembly and negative regulation of programmed cell death. Located in mitochondrial inner membrane. Human ortholog(s) of this gene implicated in mitochondrial complex IV deficiency nuclear type 11. Orthologous to human COX20 (cytochrome c oxidase assembly factor COX20). [provided by Alliance of Genome Resources, Jul 2025]",N/A,N/A
TRS23,851833,N/A,"Contributes to guanyl-nucleotide exchange factor activity. Involved in chromosome organization and endoplasmic reticulum to Golgi vesicle-mediated transport. Part of TRAPPI protein complex; TRAPPII protein complex; and TRAPPIII protein complex. Used to study syndromic intellectual disability. Orthologous to human TRAPPC4 (trafficking protein particle complex subunit 4). [provided by Alliance of Genome Resources, Jul 2025]",N/A,N/A
VHS1,851834,N/A,"Enables protein serine/threonine kinase activity. Involved in G1/S transition of mitotic cell cycle and regulation of protein localization. Located in cytoplasm. [provided by Alliance of Genome Resources, Jul 2025]",N/A,N/A
PAM1,851838,N/A,"Involved in pseudohyphal growth. Located in cellular bud neck and cellular bud tip. [provided by Alliance of Genome Resources, Jul 2025]",N/A,N/A
CHL4,851841,N/A,"Enables structural molecule activity. Involved in several processes, including chromosome organization; mitotic spindle assembly checkpoint signaling; and protein localization to chromosome, centromeric region. Part of outer kinetochore. [provided by Alliance of Genome Resources, Jul 2025]",N/A,N/A
RMD5,851842,N/A,"Enables ubiquitin protein ligase activity. Involved in negative regulation of gluconeogenesis and proteasome-mediated ubiquitin-dependent protein catabolic process. Located in cytosol and peroxisome. Part of GID complex. Orthologous to human RMND5A (required for meiotic nuclear division 5 homolog A) and RMND5B (required for meiotic nuclear division 5 homolog B). [provided by Alliance of Genome Resources, Jul 2025]",N/A,N/A
HSP78,851845,N/A,"Enables ATP hydrolysis activity and misfolded protein binding activity. Involved in several processes, including protein refolding; protein stabilization; and protein unfolding. Located in mitochondrial matrix. Human ortholog(s) of this gene implicated in 3-methylglutaconic aciduria type 7a; 3-methylglutaconic aciduria type 7b; and severe congenital neutropenia. Orthologous to human CLPB (ClpB family mitochondrial disaggregase). [provided by Alliance of Genome Resources, Jul 2025]",N/A,N/A
SWM1,851847,N/A,"Contributes to ubiquitin protein ligase activity. Involved in anaphase-promoting complex assembly; ascospore wall assembly; and regulation of mitotic metaphase/anaphase transition. Located in nucleus. Part of anaphase-promoting complex. [provided by Alliance of Genome Resources, Jul 2025]",N/A,N/A
EXG2,851848,N/A,"Enables glucan exo-1,3-beta-glucosidase activity. Predicted to be involved in glucan catabolic process. Predicted to act upstream of or within cell wall organization and polysaccharide catabolic process. Located in fungal-type cell wall. [provided by Alliance of Genome Resources, Apr 2025]",N/A,N/A
YDR261C-D,851852,N/A,"Predicted to enable several functions, including DNA polymerase activity; RNA nuclease activity; and peptidase activity. Predicted to be involved in retrotransposition. Predicted to act upstream of or within several processes, including DNA metabolic process; transposition; and viral translational frameshifting. Located in nucleus. [provided by Alliance of Genome Resources, Apr 2025]",N/A,N/A
YDR261W-B,851851,N/A,"Predicted to enable several functions, including DNA polymerase activity; RNA nuclease activity; and peptidase activity. Predicted to be involved in retrotransposition. Predicted to act upstream of or within several processes, including DNA metabolic process; transposition; and viral translational frameshifting. Located in nucleus. [provided by Alliance of Genome Resources, Apr 2025]",N/A,N/A
DIN7,851856,N/A,"Enables 5'-3' DNA exonuclease activity. Involved in DNA repair. Located in mitochondrion. Orthologous to human EXO1 (exonuclease 1). [provided by Alliance of Genome Resources, Jul 2025]",N/A,N/A
PEX10,851858,N/A,"Enables ubiquitin protein ligase activity. Involved in protein import into peroxisome matrix; protein polyubiquitination; and proteolysis involved in protein catabolic process. Part of peroxisomal importomer complex and transmembrane transporter complex. Is active in peroxisomal membrane. Human ortholog(s) of this gene implicated in Peroxisome biogenesis disorder 6B and peroxisome biogenesis disorder 6A. Orthologous to human PEX10 (peroxisomal biogenesis factor 10). [provided by Alliance of Genome Resources, Jul 2025]",N/A,N/A
GLO2,851865,N/A,"Enables hydroxyacylglutathione hydrolase activity. Involved in methylglyoxal catabolic process to D-lactate via S-lactoyl-glutathione. Located in cytoplasm. Human ortholog(s) of this gene implicated in paroxysmal nonkinesigenic dyskinesia 1. Orthologous to several human genes including HAGH (hydroxyacylglutathione hydrolase). [provided by Alliance of Genome Resources, Jul 2025]",N/A,N/A
BSC2,851868,N/A,"Acts upstream of or within lipid catabolic process. Is active in lipid droplet. [provided by Alliance of Genome Resources, Jul 2025]",N/A,N/A
MTH1,851870,N/A,"Involved in D-glucose transmembrane transport and signal transduction. [provided by Alliance of Genome Resources, Jul 2025]",N/A,N/A
DPP1,851878,N/A,"Enables diacylglycerol diphosphate phosphatase activity and phosphatidate phosphatase activity. Involved in phospholipid metabolic process. Located in fungal-type vacuole membrane and membrane raft. Orthologous to several human genes including PLPP4 (phospholipid phosphatase 4) and PLPP5 (phospholipid phosphatase 5). [provided by Alliance of Genome Resources, Jul 2025]",N/A,N/A
SSD1,851887,N/A,"Enables mRNA 3'-UTR binding activity; mRNA 5'-UTR binding activity; and mRNA regulatory element binding translation repressor activity. Involved in several processes, including intracellular mRNA localization; regulation of G1 to G0 transition; and regulation of fungal-type cell wall organization. Located in cellular bud neck; cytoplasmic ribonucleoprotein granule; and nucleus. Human ortholog(s) of this gene implicated in Perlman syndrome and nephroblastoma. Orthologous to human DIS3L2 (DIS3 like 3'-5' exoribonuclease 2). [provided by Alliance of Genome Resources, Jul 2025]",N/A,N/A
HDA2,851889,N/A,"Enables DNA binding activity and chromatin binding activity. Contributes to histone deacetylase activity. Involved in negative regulation of transcription by RNA polymerase II and regulatory ncRNA-mediated gene silencing. Located in cytosol and nucleus. Part of HDA1 complex. [provided by Alliance of Genome Resources, Jul 2025]",N/A,N/A
YDR316W-B,851914,N/A,"Predicted to enable several functions, including DNA polymerase activity; RNA nuclease activity; and peptidase activity. Predicted to be involved in retrotransposition. Predicted to act upstream of or within several processes, including DNA metabolic process; transposition; and viral translational frameshifting. Located in nucleus. [provided by Alliance of Genome Resources, Apr 2025]",N/A,N/A
UBX5,851930,N/A,"Predicted to enable ubiquitin binding activity. Involved in proteasome-mediated ubiquitin-dependent protein catabolic process. Located in cytoplasm and nucleus. Orthologous to human UBXN7 (UBX domain protein 7). [provided by Alliance of Genome Resources, Jul 2025]",N/A,N/A
MSN5,851935,N/A,"Enables nuclear export signal receptor activity. Involved in protein export from nucleus and tRNA re-export from nucleus. Located in cytoplasm and nucleus. Human ortholog(s) of this gene implicated in breast cancer; gastrointestinal system cancer (multiple); lung carcinoma (multiple); multiple myeloma; and primary ovarian insufficiency. Orthologous to human XPO5 (exportin 5). [provided by Alliance of Genome Resources, Jul 2025]",N/A,N/A
GGA1,851960,N/A,"Enables ubiquitin binding activity. Involved in Golgi to endosome transport; Golgi to vacuole transport; and protein transport to vacuole involved in ubiquitin-dependent protein catabolic process via the multivesicular body sorting pathway. Located in trans-Golgi network. Orthologous to several human genes including GGA1 (golgi associated, gamma adaptin ear containing, ARF binding protein 1); GGA2 (golgi associated, gamma adaptin ear containing, ARF binding protein 2); and GGA3 (golgi associated, gamma adaptin ear containing, ARF binding protein 3). [provided by Alliance of Genome Resources, Jul 2025]",N/A,N/A
YDR365W-B,851971,N/A,"Predicted to enable several functions, including DNA polymerase activity; RNA nuclease activity; and peptidase activity. Predicted to be involved in retrotransposition. Predicted to act upstream of or within several processes, including DNA metabolic process; transposition; and viral translational frameshifting. Located in nucleus. [provided by Alliance of Genome Resources, Apr 2025]",N/A,N/A
YDR366C,851972,N/A,"Predicted to be located in membrane. [provided by Alliance of Genome Resources, Jul 2025]",N/A,N/A
YPR1,851974,N/A,"Enables aldose reductase (NADPH) activity; carbonyl reductase (NADPH) activity; and diacetyl reductase ((S)-acetoin forming) (NAD+) activity. Involved in acetoin metabolic process; cellular response to oxidative stress; and pentose catabolic process. Located in nucleus. Is active in cytoplasm. Human ortholog(s) of this gene implicated in several diseases, including 46,XY sex reversal 8; alcohol dependence; congenital bile acid synthesis defect 2; leukemia (multiple); and type 2 diabetes mellitus. Orthologous to several human genes including AKR1A1 (aldo-keto reductase family 1 member A1); AKR1B1 (aldo-keto reductase family 1 member B); and AKR1B10 (aldo-keto reductase family 1 member B10). [provided by Alliance of Genome Resources, Jul 2025]",N/A,N/A
WIP1,3799971,N/A,"Enables centromeric DNA binding activity. Involved in chromosome segregation. Located in kinetochore. [provided by Alliance of Genome Resources, Jul 2025]",N/A,N/A
SDH6,851986,N/A,"Involved in mitochondrial respiratory chain complex II assembly. Located in mitochondrion. Used to study mitochondrial complex II deficiency. Human ortholog(s) of this gene implicated in mitochondrial complex II deficiency. Orthologous to human SDHAF1 (succinate dehydrogenase complex assembly factor 1). [provided by Alliance of Genome Resources, Jul 2025]",N/A,N/A
ARO10,851987,N/A,"Enables phenylpyruvate decarboxylase activity. Involved in amino acid catabolic process. Located in cytosol. [provided by Alliance of Genome Resources, Jul 2025]",N/A,N/A
YDR391C,852000,N/A,"Located in cytoplasm and nucleus. [provided by Alliance of Genome Resources, Jul 2025]",N/A,N/A
RPT3,852003,N/A,"Predicted to enable ATP hydrolysis activity and proteasome-activating activity. Involved in positive regulation of RNA polymerase II transcription preinitiation complex assembly; proteasome regulatory particle assembly; and ubiquitin-dependent protein catabolic process. Part of proteasome regulatory particle, base subcomplex. Used to study hereditary spastic paraplegia. Orthologous to human PSMC4 (proteasome 26S subunit, ATPase 4). [provided by Alliance of Genome Resources, Jul 2025]",N/A,N/A
URH1,852009,N/A,"Enables nicotinamide riboside hydrolase activity; nicotinic acid riboside hydrolase activity; and uridine nucleosidase activity. Involved in nucleobase-containing small molecule metabolic process and pyrimidine-containing compound salvage. Located in cytoplasm and nucleus. [provided by Alliance of Genome Resources, Jul 2025]",N/A,N/A
DIT2,852011,N/A,"Enables NADPH dehydrogenase activity. Involved in ascospore wall assembly. Located in endoplasmic reticulum. Human ortholog(s) of this gene implicated in autosomal recessive congenital ichthyosis 5 and colorectal adenocarcinoma. Orthologous to several human genes including CYP4F2 (cytochrome P450 family 4 subfamily F member 2). [provided by Alliance of Genome Resources, Jul 2025]",N/A,N/A
SIZ1,852018,N/A,"Enables SUMO transferase activity and double-stranded DNA binding activity. Involved in several processes, including DNA double-strand break attachment to nuclear envelope; negative regulation of protein ubiquitination; and protein sumoylation. Located in chromatin and septin ring. Orthologous to several human genes including PIAS2 (protein inhibitor of activated STAT 2); PIAS3 (protein inhibitor of activated STAT 3); and PIAS4 (protein inhibitor of activated STAT 4). [provided by Alliance of Genome Resources, Jul 2025]",N/A,N/A
DFM1,852020,N/A,"Enables protein folding chaperone. Involved in ERAD pathway; endoplasmic reticulum unfolded protein response; and regulation of retrograde protein transport, ER to cytosol. Is active in endoplasmic reticulum. Orthologous to several human genes including DERL1 (derlin 1). [provided by Alliance of Genome Resources, Jul 2025]",N/A,N/A
PPM1,852045,N/A,"Enables protein C-terminal leucine carboxyl O-methyltransferase activity. Involved in C-terminal protein methylation; protein-containing complex assembly; and regulation of autophagy. Orthologous to human LCMT1 (leucine carboxyl methyltransferase 1). [provided by Alliance of Genome Resources, Jul 2025]",N/A,N/A
PPZ2,852046,N/A,"Predicted to enable protein serine/threonine phosphatase activity. Involved in intracellular sodium ion homeostasis. Predicted to be active in cytoplasm and nucleus. [provided by Alliance of Genome Resources, Jul 2025]",N/A,N/A
YDR461C-A,3799972,N/A,N/A,N/A,N/A
UGO1,852081,N/A,"Involved in mitochondrial fusion. Located in mitochondrial outer membrane. Used to study Leigh disease. [provided by Alliance of Genome Resources, Jul 2025]",N/A,N/A
JIP4,852086,N/A,"Predicted to enable RNA binding activity. Predicted to be involved in regulation of mRNA splicing, via spliceosome. Predicted to be part of spliceosomal complex. [provided by Alliance of Genome Resources, Jul 2025]",N/A,N/A
YDR476C,852087,N/A,"Located in endoplasmic reticulum. [provided by Alliance of Genome Resources, Jul 2025]",N/A,N/A
SNF1,852088,N/A,"Enables AMP-activated protein kinase activity and guanyl-nucleotide exchange factor activity. Involved in several processes, including invasive growth in response to glucose limitation; positive regulation of filamentous growth of a population of unicellular organisms; and regulation of carbohydrate biosynthetic process. Located in cellular bud neck septin ring; nuclear envelope lumen; and vacuolar membrane. Part of nucleotide-activated protein kinase complex. Human ortholog(s) of this gene implicated in Huntington's disease; breast cancer; colon cancer; and type 2 diabetes mellitus. Orthologous to human PRKAA1 (protein kinase AMP-activated catalytic subunit alpha 1) and PRKAA2 (protein kinase AMP-activated catalytic subunit alpha 2). [provided by Alliance of Genome Resources, Jul 2025]",N/A,N/A
PEX29,852090,N/A,"Involved in ER-dependent peroxisome organization. Located in endoplasmic reticulum and peroxisomal membrane. [provided by Alliance of Genome Resources, Jul 2025]",N/A,N/A
PHO8,852092,N/A,"Enables alkaline phosphatase activity. Involved in nicotinamide nucleotide metabolic process. Acts upstream of or within nucleotide catabolic process. Located in fungal-type vacuole membrane. Used to study several diseases, including bone disease (multiple); cryptorchidism; germ cell cancer (multiple); gonadoblastoma; and hypophosphatasia (multiple). Human ortholog(s) of this gene implicated in adult hypophosphatasia; childhood hypophosphatasia; hypophosphatasia; infantile hypophosphatasia; and inflammatory bowel disease. Orthologous to several human genes including ALPL (alkaline phosphatase, biomineralization associated); ALPG (alkaline phosphatase, germ cell); and ALPI (alkaline phosphatase, intestinal). [provided by Alliance of Genome Resources, Jul 2025]",N/A,N/A
PKH1,852101,N/A,"Enables protein serine/threonine kinase activity. Involved in several processes, including cell integrity MAPK cascade; late endosome to vacuole transport via multivesicular body sorting pathway; and positive regulation of cytoplasmic mRNA processing body assembly. Located in cell cortex and cytosol. Human ortholog(s) of this gene implicated in prostate cancer. Orthologous to human PDPK1 (3-phosphoinositide dependent protein kinase 1) and PDPK2P (3-phosphoinositide dependent protein kinase 2, pseudogene). [provided by Alliance of Genome Resources, Jul 2025]",N/A,N/A
LPP1,852114,N/A,"Enables phosphatidate phosphatase activity. Involved in phospholipid metabolic process. Located in membrane. Orthologous to human PLPP1 (phospholipid phosphatase 1); PLPP2 (phospholipid phosphatase 2); and PLPP3 (phospholipid phosphatase 3). [provided by Alliance of Genome Resources, Jul 2025]",N/A,N/A
PSP1,852116,N/A,"Enables mRNA binding activity. Located in P-body. [provided by Alliance of Genome Resources, Jul 2025]",N/A,N/A
GMC1,852117,N/A,"Predicted to enable ferroxidase activity. Involved in meiotic cell cycle and synaptonemal complex organization. Predicted to be active in fungal-type vacuole membrane. [provided by Alliance of Genome Resources, Jul 2025]",N/A,N/A
GRX2,852124,N/A,"Enables disulfide oxidoreductase activity; glutathione peroxidase activity; and glutathione transferase activity. Involved in cellular response to oxidative stress and glutathione metabolic process. Located in cytosol and mitochondrion. Orthologous to human GLRX2 (glutaredoxin 2). [provided by Alliance of Genome Resources, Jul 2025]",N/A,N/A
EMI2,852128,N/A,"Enables hexokinase activity. Involved in hexose metabolic process. Located in cytoplasm. Human ortholog(s) of this gene implicated in several diseases, including Charcot-Marie-Tooth disease type 4G; anemia (multiple); artery disease (multiple); glucose metabolism disease (multiple); and hematologic cancer (multiple). Orthologous to several human genes including GCK (glucokinase). [provided by Alliance of Genome Resources, Apr 2025]",N/A,N/A
EUG1,852130,N/A,"Enables protein disulfide isomerase activity; protein-disulfide reductase (glutathione) activity; and unfolded protein binding activity. Involved in protein folding. Located in endoplasmic reticulum. Human ortholog(s) of this gene implicated in Cole-Carpenter syndrome and autoimmune hepatitis. Orthologous to several human genes including PDIA3 (protein disulfide isomerase family A member 3). [provided by Alliance of Genome Resources, Jul 2025]",N/A,N/A
FPR2,852131,N/A,"Enables FK506 binding activity and peptidyl-prolyl cis-trans isomerase activity. Predicted to act upstream of or within chaperone-mediated protein folding and regulation of transcription by RNA polymerase II. Located in membrane. Used to study Huntington's disease. Orthologous to several human genes including FKBP2 (FKBP prolyl isomerase 2). [provided by Alliance of Genome Resources, Apr 2025]",N/A,N/A
SNA2,852138,N/A,"Located in fungal-type vacuole membrane. [provided by Alliance of Genome Resources, Jul 2025]",N/A,N/A
HLR1,852141,N/A,"Involved in fungal-type cell wall organization. Located in cytoplasm. [provided by Alliance of Genome Resources, Jul 2025]",N/A,N/A
APA2,852143,N/A,"Enables bis(5'-nucleosyl)-tetraphosphatase activity. Involved in nucleoside catabolic process. Located in cytoplasm and nucleus. [provided by Alliance of Genome Resources, Jul 2025]",N/A,N/A
HSP31,852146,N/A,"Enables glyoxalase III activity and protein folding chaperone. Involved in several processes, including cellular response to oxidative stress; chaperone-mediated protein folding; and methylglyoxal catabolic process to D-lactate via S-lactoyl-glutathione. Located in P-body and cytoplasmic stress granule. Used to study Parkinson's disease; cancer; and early-onset Parkinson's disease. [provided by Alliance of Genome Resources, Apr 2025]",N/A,N/A
IRC4,852153,N/A,"Involved in mitotic recombination and replication-born double-strand break repair via sister chromatid exchange. Located in cytoplasm and nucleus. [provided by Alliance of Genome Resources, Jul 2025]",N/A,N/A
PAU10,852155,N/A,"Predicted to be a structural constituent of cell wall. Predicted to be involved in fungal-type cell wall organization. Located in fungal-type vacuole. [provided by Alliance of Genome Resources, Jul 2025]",N/A,N/A
VAB2,856713,N/A,"Involved in endosome organization and regulation of protein localization. Located in cytoplasm. Part of BLOC-1 complex. [provided by Alliance of Genome Resources, Jul 2025]",N/A,N/A
GLC3,856705,N/A,"Enables 1,4-alpha-glucan branching enzyme activity. Involved in glycogen biosynthetic process. Located in cytoplasm. Used to study glycogen storage disease IV. Human ortholog(s) of this gene implicated in glycogen storage disease IV and pulmonary tuberculosis. Orthologous to human GBE1 (1,4-alpha-glucan branching enzyme 1). [provided by Alliance of Genome Resources, Jul 2025]",N/A,N/A
UBC8,856704,N/A,"Enables ubiquitin-protein transferase activity. Involved in mitochondrial outer membrane translocase complex assembly; negative regulation of gluconeogenesis; and proteasome-mediated ubiquitin-dependent protein catabolic process. Located in cytoplasm. Orthologous to human UBE2H (ubiquitin conjugating enzyme E2 H). [provided by Alliance of Genome Resources, Jul 2025]",N/A,N/A
GTT3,856698,N/A,"Located in nuclear periphery. [provided by Alliance of Genome Resources, Jul 2025]",N/A,N/A
SPF1,856681,N/A,"Enables phosphatidylinositol-4-phosphate binding activity. Involved in intracellular calcium ion homeostasis; intracellular manganese ion homeostasis; and sterol homeostasis. Located in cis-Golgi network and endoplasmic reticulum membrane. Orthologous to human ATP13A1 (ATPase 13A1). [provided by Alliance of Genome Resources, Jul 2025]",N/A,N/A
CYC7,856672,N/A,"Enables electron transfer activity. Involved in mitochondrial electron transport, cytochrome c to oxygen and mitochondrial electron transport, ubiquinol to cytochrome c. Located in mitochondrial intermembrane space. Human ortholog(s) of this gene implicated in cholangiocarcinoma; lung non-small cell carcinoma; pancreatic cancer; and thrombocytopenia. Orthologous to human CYCS (cytochrome c, somatic). [provided by Alliance of Genome Resources, Jul 2025]",N/A,N/A
YEF1,856670,N/A,"Enables NAD+ kinase activity and NADH kinase activity. Involved in NADP biosynthetic process. Orthologous to human NADK (NAD kinase). [provided by Alliance of Genome Resources, Apr 2025]",N/A,N/A
YEL047C,856664,N/A,"Enables fumarate reductase (NADH) activity. Involved in cellular response to anoxia. Located in cytosol. [provided by Alliance of Genome Resources, Jul 2025]",N/A,N/A
HHY1,856651,N/A,"Predicted to be located in membrane. [provided by Alliance of Genome Resources, Jul 2025]",N/A,N/A
PRB1,856649,N/A,"Enables serine-type endopeptidase activity. Involved in pexophagy; protein catabolic process in the vacuole; and sporulation resulting in formation of a cellular spore. Predicted to be located in fungal-type vacuole lumen. Human ortholog(s) of this gene implicated in familial hypercholesterolemia and hypobetalipoproteinemia. Orthologous to human PCSK9 (proprotein convertase subtilisin/kexin type 9). [provided by Alliance of Genome Resources, Jul 2025]",N/A,N/A
HXT13,856640,N/A,"Enables D-glucose transmembrane transporter activity; fructose transmembrane transporter activity; and mannose transmembrane transporter activity. Involved in hexose transmembrane transport; mannitol transmembrane transport; and sorbitol transmembrane transport. Located in endoplasmic reticulum. Orthologous to human SLC2A12 (solute carrier family 2 member 12). [provided by Alliance of Genome Resources, Jul 2025]",N/A,N/A
DSF1,856639,N/A,"Enables mannitol dehydrogenase activity. Predicted to act upstream of or within mannitol metabolic process. [provided by Alliance of Genome Resources, Apr 2025]",N/A,N/A
DLD3,856638,N/A,"Enables (D)-2-hydroxyglutarate-pyruvate transhydrogenase activity; D-lactate dehydrogenase (cytochrome) activity; and FAD binding activity. Involved in filamentous growth and lactate biosynthetic process. Located in cytoplasm. Human ortholog(s) of this gene implicated in D-2-hydroxyglutaric aciduria 1. Orthologous to human D2HGDH (D-2-hydroxyglutarate dehydrogenase). [provided by Alliance of Genome Resources, Apr 2025]",N/A,N/A
YEL073C,856636,N/A,N/A,N/A,N/A
PMI40,856720,N/A,"Enables mannose-6-phosphate isomerase activity. Involved in GDP-mannose biosynthetic process; cell wall mannoprotein biosynthetic process; and protein glycosylation. Located in cytoplasm and nucleus. Human ortholog(s) of this gene implicated in carbohydrate metabolic disorder and congenital disorder of glycosylation Ib. Orthologous to human MPI (mannose phosphate isomerase). [provided by Alliance of Genome Resources, Jul 2025]",N/A,N/A
FMP52,856721,N/A,"Predicted to be involved in import into nucleus. Located in endoplasmic reticulum and mitochondrial outer membrane. Orthologous to human HTATIP2 (HIV-1 Tat interactive protein 2). [provided by Alliance of Genome Resources, Apr 2025]",N/A,N/A
YER010C,856728,N/A,"Enables 4-hydroxy-4-methyl-2-oxoglutarate aldolase activity and oxaloacetate decarboxylase activity. Involved in 3,4-dihydroxybenzoate catabolic process. [provided by Alliance of Genome Resources, Jul 2025]",N/A,N/A
PRE1,856731,N/A,"Enables endopeptidase activator activity. Involved in proteasomal ubiquitin-independent protein catabolic process and proteasome-mediated ubiquitin-dependent protein catabolic process. Located in endoplasmic reticulum membrane and nucleus. Part of proteasome core complex, beta-subunit complex. Orthologous to human PSMB2 (proteasome 20S subunit beta 2). [provided by Alliance of Genome Resources, Jul 2025]",N/A,N/A
HEM14,856733,N/A,"Enables oxygen-dependent protoporphyrinogen oxidase activity. Involved in heme biosynthetic process. Located in mitochondrial inner membrane. Used to study variegate porphyria. Human ortholog(s) of this gene implicated in variegate porphyria. Orthologous to human PPOX (protoporphyrinogen oxidase). [provided by Alliance of Genome Resources, Jul 2025]",N/A,N/A
GPA2,856741,N/A,"Enables GTPase activity. Involved in several processes, including glucose mediated signaling pathway; invasive growth in response to glucose limitation; and pseudohyphal growth. Located in cytoplasm and plasma membrane. Human ortholog(s) of this gene implicated in several diseases, including Sturge-Weber syndrome; autosomal dominant hypocalcemia 2; color blindness (multiple); familial hypocalciuric hypercalcemia 2; and night blindness (multiple). Orthologous to several human genes including GNAI1 (G protein subunit alpha i1); GNAI2 (G protein subunit alpha i2); and GNAI3 (G protein subunit alpha i3). [provided by Alliance of Genome Resources, Jul 2025]",N/A,N/A
RPN3,856742,N/A,"Predicted to enable enzyme regulator activity. Predicted to be involved in ubiquitin-dependent protein catabolic process. Predicted to act upstream of or within regulation of protein catabolic process. Part of proteasome regulatory particle, lid subcomplex. Orthologous to human PSMD3 (proteasome 26S subunit, non-ATPase 3). [provided by Alliance of Genome Resources, Apr 2025]",N/A,N/A
GAL83,856749,N/A,"Contributes to AMP-activated protein kinase activity. Involved in several processes, including cell adhesion; invasive growth in response to glucose limitation; and regulation of protein-containing complex assembly. Located in cytoplasm and nuclear envelope lumen. Part of nucleotide-activated protein kinase complex. Orthologous to human PRKAB1 (protein kinase AMP-activated non-catalytic subunit beta 1) and PRKAB2 (protein kinase AMP-activated non-catalytic subunit beta 2). [provided by Alliance of Genome Resources, Jul 2025]",N/A,N/A
ZRG8,856755,N/A,"Involved in fungal-type cell wall organization. Located in cellular bud neck and mating projection tip. [provided by Alliance of Genome Resources, Jul 2025]",N/A,N/A
EDC2,856757,N/A,"Enables mRNA binding activity. Involved in deadenylation-dependent decapping of nuclear-transcribed mRNA and positive regulation of translation in response to stress. Located in nucleolus. [provided by Alliance of Genome Resources, Jul 2025]",N/A,N/A
PHM8,856759,N/A,"Enables lysophosphatidic acid phosphatase activity and nucleotidase activity. Involved in several processes, including cellular response to phosphate starvation; response to carbon starvation; and triglyceride homeostasis. Located in cytoplasm and nucleus. [provided by Alliance of Genome Resources, Jul 2025]",N/A,N/A
FMP49,20098144,N/A,"Located in mitochondrion. [provided by Alliance of Genome Resources, Jul 2025]",N/A,N/A
HVG1,856761,N/A,"Predicted to enable GDP-mannose transmembrane transporter activity and antiporter activity. Predicted to be involved in GDP-mannose transmembrane transport. Predicted to act upstream of or within transmembrane transport. Located in endoplasmic reticulum. Orthologous to human TMEM241 (transmembrane protein 241). [provided by Alliance of Genome Resources, Apr 2025]",N/A,N/A
YER039C-A,856762,N/A,"Predicted to be located in membrane. [provided by Alliance of Genome Resources, Jul 2025]",N/A,N/A
SPO73,856770,N/A,"Involved in ascospore wall assembly and ascospore-type prospore membrane formation. Located in cytosol and prospore membrane. [provided by Alliance of Genome Resources, Jul 2025]",N/A,N/A
HOM3,856778,N/A,"Enables aspartate kinase activity. Involved in homoserine biosynthetic process; methionine biosynthetic process; and threonine biosynthetic process. Located in cytoplasm. [provided by Alliance of Genome Resources, Jul 2025]",N/A,N/A
PIC2,856779,N/A,"Enables copper ion transmembrane transporter activity and phosphate transmembrane transporter activity. Involved in copper ion transmembrane transport; intracellular copper ion homeostasis; and phosphate ion transmembrane transport. Located in mitochondrion. Used to study mitochondrial metabolism disease. Orthologous to human SLC25A3 (solute carrier family 25 member 3). [provided by Alliance of Genome Resources, Jul 2025]",N/A,N/A
GIP2,856781,N/A,"Enables protein phosphatase regulator activity. Involved in glycogen metabolic process. Part of protein phosphatase type 1 complex. Human ortholog(s) of this gene implicated in hypoglycemia and type 2 diabetes mellitus. Orthologous to several human genes including PPP1R3B (protein phosphatase 1 regulatory subunit 3B) and PPP1R3C (protein phosphatase 1 regulatory subunit 3C). [provided by Alliance of Genome Resources, Jul 2025]",N/A,N/A
YER062C,856791,N/A,"Enables glycerol-1-phosphatase activity. Involved in glycerol biosynthetic process and response to osmotic stress. Located in cytoplasm and nucleus. [provided by Alliance of Genome Resources, Jul 2025]",N/A,N/A
RRT13,856796,N/A,"Orthologous to human FBXW9 (F-box and WD repeat domain containing 9). [provided by Alliance of Genome Resources, Jul 2025]",N/A,N/A
RGI1,856797,N/A,"Involved in energy reserve metabolic process. Located in cell periphery. [provided by Alliance of Genome Resources, Jul 2025]",N/A,N/A
YER079W,856812,N/A,"Located in cytoplasm and nucleus. [provided by Alliance of Genome Resources, Jul 2025]",N/A,N/A
SER3,856814,N/A,"Enables alpha-ketoglutarate reductase activity and phosphoglycerate dehydrogenase activity. Involved in L-serine biosynthetic process. Located in cytoplasm. Human ortholog(s) of this gene implicated in Neu-Laxova syndrome 1; PHGDH deficiency; and amino acid metabolic disorder. Orthologous to human PHGDH (phosphoglycerate dehydrogenase). [provided by Alliance of Genome Resources, Jul 2025]",N/A,N/A
SHC1,856832,N/A,"Enables enzyme activator activity. Involved in ascospore formation and chitin biosynthetic process. Located in prospore membrane. [provided by Alliance of Genome Resources, Jul 2025]",N/A,N/A
UBP9,856835,N/A,"Predicted to enable cysteine-type deubiquitinase activity. Predicted to be involved in regulation of protein stability. Predicted to act upstream of or within proteolysis. Located in cytoplasm. Orthologous to human USP12 (ubiquitin specific peptidase 12) and USP46 (ubiquitin specific peptidase 46). [provided by Alliance of Genome Resources, Apr 2025]",N/A,N/A
SSA4,856840,N/A,"Enables unfolded protein binding activity. Involved in SRP-dependent cotranslational protein targeting to membrane, translocation and protein folding. Located in cytoplasm and nucleus. Human ortholog(s) of this gene implicated in several diseases, including Kawasaki disease; artery disease (multiple); autoimmune disease of musculoskeletal system (multiple); neurodegenerative disease (multiple); and schizophrenia (multiple). Orthologous to several human genes including HSPA1L (heat shock protein family A (Hsp70) member 1 like); HSPA1A (heat shock protein family A (Hsp70) member 1A); and HSPA1B (heat shock protein family A (Hsp70) member 1B). [provided by Alliance of Genome Resources, Jul 2025]",N/A,N/A
RTT105,856841,N/A,"Enables nuclear import signal receptor activity and protein carrier chaperone. Involved in DNA metabolic process; negative regulation of gene expression, epigenetic; and protein import into nucleus. Located in cytoplasm. Is active in nucleus. [provided by Alliance of Genome Resources, Jul 2025]",N/A,N/A
AVT6,856855,N/A,"Enables L-aspartate transmembrane transporter activity and L-glutamate transmembrane transporter activity. Involved in amino acid transmembrane export from vacuole. Located in fungal-type vacuole membrane. Human ortholog(s) of this gene implicated in foveal hypoplasia 2. Orthologous to several human genes including SLC38A7 (solute carrier family 38 member 7). [provided by Alliance of Genome Resources, Jul 2025]",N/A,N/A
YER135C,856874,N/A,N/A,N/A,N/A
GDI1,856876,N/A,"Enables Rab GDP-dissociation inhibitor activity. Involved in vesicle-mediated transport. Predicted to be located in cytoplasm. Predicted to be active in cytosol. Used to study cancer. Human ortholog(s) of this gene implicated in non-syndromic X-linked intellectual disability; non-syndromic X-linked intellectual disability 41; and psychotic disorder. Orthologous to human GDI1 (GDP dissociation inhibitor 1) and GDI2 (GDP dissociation inhibitor 2). [provided by Alliance of Genome Resources, Jul 2025]",N/A,N/A
YER138C,856879,N/A,"Predicted to enable several functions, including DNA polymerase activity; RNA nuclease activity; and peptidase activity. Predicted to be involved in retrotransposition. Predicted to act upstream of or within several processes, including DNA metabolic process; transposition; and viral translational frameshifting. Located in nucleus. [provided by Alliance of Genome Resources, Apr 2025]",N/A,N/A
COX15,856884,N/A,"Enables oxidoreductase activity, acting on NAD(P)H, heme protein as acceptor. Involved in heme A biosynthetic process. Located in mitochondrial inner membrane. Used to study ovarian dysfunction. Human ortholog(s) of this gene implicated in Leigh disease; hypertrophic cardiomyopathy; and mitochondrial complex IV deficiency nuclear type 6. Orthologous to human COX15 (cytochrome c oxidase assembly homolog COX15). [provided by Alliance of Genome Resources, Apr 2025]",N/A,N/A
MAG1,856885,N/A,"Enables DNA-3-methyladenine glycosylase activity and damaged DNA binding activity. Involved in DNA alkylation repair and base-excision repair, AP site formation. Predicted to be part of protein-DNA complex. Predicted to be active in nucleus. [provided by Alliance of Genome Resources, Apr 2025]",N/A,N/A
DDI1,856886,N/A,"Enables several functions, including aspartic-type endopeptidase activity; proteasome regulatory particle binding activity; and ubiquitin binding activity. Involved in positive regulation of DNA replication; protein secretion; and protein transport to vacuole involved in ubiquitin-dependent protein catabolic process via the multivesicular body sorting pathway. Located in plasma membrane. Orthologous to human DDI1 (DNA damage inducible 1 homolog 1) and DDI2 (DNA damage inducible 1 homolog 2). [provided by Alliance of Genome Resources, Jul 2025]",N/A,N/A
SPI1,856893,N/A,"Predicted to be a structural constituent of cell wall. Involved in response to acidic pH. Located in fungal-type cell wall. [provided by Alliance of Genome Resources, Jul 2025]",N/A,N/A
YER158C,856903,N/A,"Predicted to enable actin binding activity. Predicted to be involved in actin cytoskeleton organization. [provided by Alliance of Genome Resources, Jul 2025]",N/A,N/A
YER160C,856906,N/A,"Predicted to enable several functions, including DNA polymerase activity; RNA nuclease activity; and peptidase activity. Predicted to be involved in retrotransposition. Predicted to act upstream of or within several processes, including DNA metabolic process; transposition; and viral translational frameshifting. Located in nucleus. [provided by Alliance of Genome Resources, Apr 2025]",N/A,N/A
RAD4,856909,N/A,"Enables single-strand break-containing DNA binding activity. Involved in DNA metabolic process; negative regulation of transcription by RNA polymerase II; and proteasome-mediated ubiquitin-dependent protein catabolic process. Located in cytosol and nucleus. Part of nucleotide-excision repair factor 2 complex. Used to study xeroderma pigmentosum. Human ortholog(s) of this gene implicated in pancreatic cancer; serous cystadenocarcinoma; xeroderma pigmentosum; and xeroderma pigmentosum group C. Orthologous to human XPC (XPC complex subunit, DNA damage recognition and repair factor). [provided by Alliance of Genome Resources, Jul 2025]",N/A,N/A
BMH1,856924,N/A,"Enables DNA replication origin binding activity; RNA polymerase II-specific DNA-binding transcription factor binding activity; and phosphoserine residue binding activity. Involved in several processes, including aggresome assembly; intracellular signal transduction; and regulation of primary metabolic process. Located in cytoplasm and nucleus. Orthologous to human YWHAE (tyrosine 3-monooxygenase/tryptophan 5-monooxygenase activation protein epsilon). [provided by Alliance of Genome Resources, Jul 2025]",N/A,N/A
PUG1,856934,N/A,"Involved in heme transmembrane transport. Located in plasma membrane. [provided by Alliance of Genome Resources, Jul 2025]",N/A,N/A
YFL002W-A,850548,N/A,"Predicted to enable several functions, including DNA polymerase activity; RNA nuclease activity; and peptidase activity. Predicted to be involved in retrotransposition. Predicted to act upstream of or within several processes, including DNA metabolic process; transposition; and viral translational frameshifting. Located in nucleus. [provided by Alliance of Genome Resources, Apr 2025]",N/A,N/A
HSP12,850532,N/A,"Enables lipid binding activity. Involved in several processes, including cellular response to heat; cellular response to osmotic stress; and cellular response to oxidative stress. Located in cytosol; endosome; and plasma membrane. [provided by Alliance of Genome Resources, Jul 2025]",N/A,N/A
MDJ1,850530,N/A,"Enables ATPase activator activity and unfolded protein binding activity. Involved in several processes, including protein folding; protein quality control for misfolded or incompletely synthesized proteins; and response to heat. Located in mitochondrial matrix. Orthologous to human DNAJA3 (DnaJ heat shock protein family (Hsp40) member A3). [provided by Alliance of Genome Resources, Jul 2025]",N/A,N/A
PAU5,850524,N/A,"Predicted to be a structural constituent of cell wall. Predicted to be involved in fungal-type cell wall organization. Located in cytoplasm and membrane. [provided by Alliance of Genome Resources, Jul 2025]",N/A,N/A
STE2,850518,N/A,"Enables mating-type alpha-factor pheromone receptor activity. Involved in cytogamy and pheromone-dependent signal transduction involved in conjugation with cellular fusion. Located in plasma membrane. [provided by Alliance of Genome Resources, Jul 2025]",N/A,N/A
CAK1,850515,N/A,"Enables cyclin-dependent protein kinase activating kinase activity. Involved in G2/M transition of mitotic cell cycle; meiotic cell cycle; and negative regulation of transcription initiation by RNA polymerase II. Located in cytoplasm. Used to study cystinosis; encephalitis; and intellectual disability. Human ortholog(s) of this gene implicated in several diseases, including familial melanoma; high grade glioma (multiple); pancreatic carcinoma (multiple); primary autosomal recessive microcephaly 12; and type 2 diabetes mellitus. Orthologous to human CDK4 (cyclin dependent kinase 4) and CDK6 (cyclin dependent kinase 6). [provided by Alliance of Genome Resources, Apr 2025]",N/A,N/A
AGX1,850514,N/A,"Enables alanine-glyoxylate transaminase activity. Involved in glycine biosynthetic process, by transamination of glyoxylate. Located in cytosol and mitochondrion. Used to study primary hyperoxaluria. Human ortholog(s) of this gene implicated in primary hyperoxaluria type 1. Orthologous to human AGXT (alanine--glyoxylate aminotransferase). [provided by Alliance of Genome Resources, Jul 2025]",N/A,N/A
YFL040W,850503,N/A,"Predicted to enable myo-inositol:proton symporter activity. Predicted to be involved in myo-inositol import across plasma membrane. Located in fungal-type vacuole and prospore membrane. [provided by Alliance of Genome Resources, Jul 2025]",N/A,N/A
YFL042C,850501,N/A,"Predicted to enable sterol binding activity and sterol transfer activity. Predicted to be involved in intracellular sterol transport. Located in mitochondria-associated endoplasmic reticulum membrane contact site and nucleus-vacuole junction. Orthologous to human GRAMD1A (GRAM domain containing 1A); GRAMD1B (GRAM domain containing 1B); and GRAMD1C (GRAM domain containing 1C). [provided by Alliance of Genome Resources, Jul 2025]",N/A,N/A
YFL052W,850492,N/A,"Enables DNA-binding transcription activator activity, RNA polymerase II-specific and RNA polymerase II transcription regulatory region sequence-specific DNA binding activity. Involved in cellular response to ethanol and positive regulation of transcription by RNA polymerase II. Predicted to be located in nucleus. [provided by Alliance of Genome Resources, Jul 2025]",N/A,N/A
THI5,850486,N/A,"Predicted to enable metal ion binding activity and transferase activity. Involved in thiamine biosynthetic process. [provided by Alliance of Genome Resources, Jul 2025]",N/A,N/A
SNZ3,850485,N/A,"Enables pyridoxal 5'-phosphate synthase (glutamine hydrolysing) activity. Involved in pyridoxine biosynthetic process and thiamine biosynthetic process. [provided by Alliance of Genome Resources, Jul 2025]",N/A,N/A
SNO3,850484,N/A,"Predicted to enable hydrolase activity and pyridoxal 5'-phosphate synthase (glutamine hydrolysing) activity. Predicted to contribute to glutaminase activity. Involved in pyridoxine metabolic process. Predicted to be part of glutaminase complex. Predicted to be active in cytosol. [provided by Alliance of Genome Resources, Jul 2025]",N/A,N/A
COS4,850482,N/A,"Predicted to be involved in protein transport to vacuole involved in ubiquitin-dependent protein catabolic process via the multivesicular body sorting pathway. Located in endosome. [provided by Alliance of Genome Resources, Jul 2025]",N/A,N/A
YPI1,850553,N/A,"Enables protein phosphatase activator activity and protein serine/threonine phosphatase inhibitor activity. Involved in several processes, including glycogen metabolic process; mitotic spindle assembly checkpoint signaling; and regulation of protein localization to nucleus. Located in nucleus. Orthologous to human PPP1R11 (protein phosphatase 1 regulatory inhibitor subunit 11). [provided by Alliance of Genome Resources, Jul 2025]",N/A,N/A
FAR7,850559,N/A,"Involved in re-entry into mitotic cell cycle after pheromone arrest. Located in endoplasmic reticulum. [provided by Alliance of Genome Resources, Jul 2025]",N/A,N/A
CMK1,850568,N/A,"Enables calcium/calmodulin-dependent protein kinase activity. Involved in signal transduction. Located in cytoplasm. Human ortholog(s) of this gene implicated in cocaine dependence. Orthologous to several human genes including CAMKV (CaM kinase like vesicle associated); CAMK1G (calcium/calmodulin dependent protein kinase IG); and PNCK (pregnancy up-regulated nonubiquitous CaM kinase). [provided by Alliance of Genome Resources, Jul 2025]",N/A,N/A
GSY1,850569,N/A,"Enables alpha-1,4-glucan glucosyltransferase (UDP-glucose donor) activity. Involved in glycogen biosynthetic process. Located in mitochondrion. Human ortholog(s) of this gene implicated in cardiovascular system disease and glycogen storage disease. Orthologous to human GYS1 (glycogen synthase 1) and GYS2 (glycogen synthase 2). [provided by Alliance of Genome Resources, Jul 2025]",N/A,N/A
IGD1,850572,N/A,"Enables enzyme inhibitor activity. Involved in negative regulation of glycogen catabolic process. Located in cytoplasm. [provided by Alliance of Genome Resources, Jul 2025]",N/A,N/A
ATG18,850577,N/A,"Enables phosphatidylinositol phosphate binding activity and ubiquitin binding activity. Involved in several processes, including macroautophagy; vacuolar protein processing; and vacuolar transport. Located in several cellular components, including fungal-type vacuole membrane; phagophore; and phagophore assembly site. Part of PAS complex. Orthologous to human WIPI1 (WD repeat domain, phosphoinositide interacting 1) and WIPI2 (WD repeat domain, phosphoinositide interacting 2). [provided by Alliance of Genome Resources, Jul 2025]",N/A,N/A
HIS2,850581,N/A,"Enables histidinol-phosphatase activity. Involved in L-histidine biosynthetic process. Located in cytoplasm. [provided by Alliance of Genome Resources, Jul 2025]",N/A,N/A
ULI1,850583,N/A,"Involved in endoplasmic reticulum unfolded protein response. Located in endoplasmic reticulum. [provided by Alliance of Genome Resources, Jul 2025]",N/A,N/A
ERJ5,850602,N/A,"Involved in protein folding. Located in endoplasmic reticulum. Orthologous to human DNAJC1 (DnaJ heat shock protein family (Hsp40) member C1). [provided by Alliance of Genome Resources, Jul 2025]",N/A,N/A
KEG1,850603,N/A,"Involved in (1->6)-beta-D-glucan biosynthetic process and chromosome organization. Located in endoplasmic reticulum membrane. [provided by Alliance of Genome Resources, Jul 2025]",N/A,N/A
YFR045W,850606,N/A,"Predicted to enable citrate secondary active transmembrane transporter activity. Predicted to be involved in mitochondrial citrate transmembrane transport. Predicted to act upstream of or within transmembrane transport. Predicted to be located in mitochondrial inner membrane. Predicted to be active in mitochondrion. Human ortholog(s) of this gene implicated in 2-hydroxyglutaric aciduria; combined D-2- and L-2-hydroxyglutaric aciduria; and congenital myasthenic syndrome. Orthologous to human SLC25A1 (solute carrier family 25 member 1). [provided by Alliance of Genome Resources, Apr 2025]",N/A,N/A
YMR31,850610,N/A,"A structural constituent of ribosome. Contributes to oxoglutarate dehydrogenase (succinyl-transferring) activity. Involved in 2-oxoglutarate metabolic process and tricarboxylic acid cycle. Located in mitochondrial ribosome. Part of oxoglutarate dehydrogenase complex. [provided by Alliance of Genome Resources, Jul 2025]",N/A,N/A
PRE4,850611,N/A,"Involved in proteasomal ubiquitin-independent protein catabolic process; proteasome assembly; and proteasome-mediated ubiquitin-dependent protein catabolic process. Located in proteasome storage granule. Part of proteasome core complex, beta-subunit complex. Human ortholog(s) of this gene implicated in proteasome-associated autoinflammatory syndrome 3. Orthologous to human PSMB4 (proteasome 20S subunit beta 4). [provided by Alliance of Genome Resources, Jul 2025]",N/A,N/A
HXK1,850614,N/A,"Enables hexokinase activity. Involved in glycolytic process; hexose metabolic process; and hexose transmembrane transport. Located in mitochondrion. Human ortholog(s) of this gene implicated in several diseases, including Charcot-Marie-Tooth disease type 4G; anemia (multiple); artery disease (multiple); glucose metabolism disease (multiple); and hematologic cancer (multiple). Orthologous to several human genes including GCK (glucokinase). [provided by Alliance of Genome Resources, Apr 2025]",N/A,N/A
YGL007C-A,1466455,N/A,N/A,N/A,N/A
MPO1,852874,N/A,"Enables fatty acid alpha-dioxygenase activity. Involved in fatty acid alpha-oxidation and sphingoid catabolic process. Located in endoplasmic reticulum. [provided by Alliance of Genome Resources, Jul 2025]",N/A,N/A
PNC1,852846,N/A,"Enables nicotinamidase activity. Involved in negative regulation of macromolecule biosynthetic process and nicotinate nucleotide salvage. Located in nucleus and peroxisome. [provided by Alliance of Genome Resources, Jul 2025]",N/A,N/A
OCH1,852845,N/A,"Enables alpha-1,6-mannosyltransferase activity. Involved in protein N-linked glycosylation. Located in Golgi cis cisterna. [provided by Alliance of Genome Resources, Jul 2025]",N/A,N/A
RIM8,852837,N/A,"Predicted to enable protein-macromolecule adaptor activity and ubiquitin protein ligase binding activity. Involved in cellular response to amino acid stimulus and ubiquitin-dependent endocytosis. Located in cytoplasmic side of plasma membrane. Orthologous to several human genes including ARRDC1 (arrestin domain containing 1); ARRDC2 (arrestin domain containing 2); and ARRDC3 (arrestin domain containing 3). [provided by Alliance of Genome Resources, Jul 2025]",N/A,N/A
ALG13,852835,N/A,"Contributes to N-acetylglucosaminyldiphosphodolichol N-acetylglucosaminyltransferase activity. Involved in dolichol-linked oligosaccharide biosynthetic process. Located in cytosol. Part of UDP-N-acetylglucosamine transferase complex. Human ortholog(s) of this gene implicated in developmental and epileptic encephalopathy 36. Orthologous to human ALG13 (ALG13 UDP-N-acetylglucosaminyltransferase subunit). [provided by Alliance of Genome Resources, Jul 2025]",N/A,N/A
PKP2,852821,N/A,"Enables pyruvate dehydrogenase (acetyl-transferring) kinase activity. Involved in regulation of mitophagy. Located in mitochondrion. Human ortholog(s) of this gene implicated in branched-chain keto acid dehydrogenase kinase deficiency. Orthologous to human BCKDK (branched chain keto acid dehydrogenase kinase). [provided by Alliance of Genome Resources, Jul 2025]",N/A,N/A
PYC1,852818,N/A,"Enables pyruvate carboxylase activity. Involved in gluconeogenesis. Located in cytosol. Human ortholog(s) of this gene implicated in pyruvate carboxylase deficiency disease. Orthologous to human PC (pyruvate carboxylase). [provided by Alliance of Genome Resources, Jul 2025]",N/A,N/A
MPC1,852800,N/A,"Enables pyruvate transmembrane transporter activity. Involved in mitochondrial pyruvate transmembrane transport. Located in mitochondrial inner membrane. Used to study mitochondrial metabolism disease. Human ortholog(s) of this gene implicated in mitochondrial pyruvate carrier deficiency. Orthologous to human MPC1 (mitochondrial pyruvate carrier 1) and MPC1L (mitochondrial pyruvate carrier 1 like). [provided by Alliance of Genome Resources, Apr 2025]",N/A,N/A
YGL081W,852799,N/A,N/A,N/A,N/A
GUP1,852796,N/A,"Enables O-acyltransferase activity. Involved in GPI anchor biosynthetic process; glycerol catabolic process; and glycerol transmembrane transport. Located in endoplasmic reticulum and plasma membrane. Human ortholog(s) of this gene implicated in chondrodysplasia-pseudohermaphroditism syndrome. Orthologous to several human genes including HHAT (hedgehog acyltransferase). [provided by Alliance of Genome Resources, Jul 2025]",N/A,N/A
MMS2,852793,N/A,"Contributes to ubiquitin-protein transferase activity. Involved in several processes, including free ubiquitin chain polymerization; postreplication repair; and protein targeting to vacuolar membrane. Located in fungal-type vacuole membrane and nucleus. Part of ubiquitin conjugating enzyme complex. Orthologous to human PEDS1-UBE2V1 (PEDS1-UBE2V1 readthrough); UBE2V1 (ubiquitin conjugating enzyme E2 V1); and UBE2V2 (ubiquitin conjugating enzyme E2 V2). [provided by Alliance of Genome Resources, Jul 2025]",N/A,N/A
TOS8,852783,N/A,"Enables chromatin binding activity. Predicted to act upstream of or within regulation of DNA-templated transcription. Located in chromatin. Human ortholog(s) of this gene implicated in alcohol dependence. Orthologous to human PKNOX1 (PBX/knotted 1 homeobox 1) and PKNOX2 (PBX/knotted 1 homeobox 2). [provided by Alliance of Genome Resources, Apr 2025]",N/A,N/A
VPS73,852774,N/A,"Predicted to enable hexose transmembrane transporter activity. Involved in protein targeting to vacuole. Located in fungal-type vacuole membrane and mitochondrion. Human ortholog(s) of this gene implicated in childhood absence epilepsy; glucose metabolism disease (multiple); glycogen storage disease; myelomeningocele; and obesity. Orthologous to several human genes including SLC2A14 (solute carrier family 2 member 14); SLC2A3 (solute carrier family 2 member 3); and SLC2A4 (solute carrier family 2 member 4). [provided by Alliance of Genome Resources, Jul 2025]",N/A,N/A
YGL117W,852761,N/A,N/A,N/A,N/A
GPG1,852756,N/A,"Involved in invasive growth in response to glucose limitation. Acts upstream of or within negative regulation of amyloid fibril formation. Predicted to be located in cytoplasm. [provided by Alliance of Genome Resources, Jul 2025]",N/A,N/A
SCS3,852751,N/A,"Predicted to enable coenzyme A diphosphatase activity. Involved in phospholipid biosynthetic process. Acts upstream of or within phospholipid homeostasis. Located in endoplasmic reticulum. Human ortholog(s) of this gene implicated in Siddiqi syndrome. Orthologous to human FITM1 (fat storage inducing transmembrane protein 1) and FITM2 (fat storage inducing transmembrane protein 2). [provided by Alliance of Genome Resources, Apr 2025]",N/A,N/A
SOH1,852750,N/A,"Enables transcription coactivator activity. Involved in DNA repair; meiotic gene conversion; and transcription by RNA polymerase II. Located in nucleus. Part of core mediator complex. Orthologous to human MED31 (mediator complex subunit 31). [provided by Alliance of Genome Resources, Jul 2025]",N/A,N/A
CWC23,852749,N/A,"Involved in spliceosomal complex disassembly. Part of U2-type spliceosomal complex. [provided by Alliance of Genome Resources, Jul 2025]",N/A,N/A
HUL5,852736,N/A,"Enables ubiquitin-ubiquitin ligase activity. Involved in several processes, including cellular response to heat; free ubiquitin chain polymerization; and proteolysis involved in protein catabolic process. Located in cytoplasm and nucleus. Part of proteasome complex. Is active in cytosol. Human ortholog(s) of this gene implicated in Kaufman oculocerebrofacial syndrome. Orthologous to several human genes including UBE3C (ubiquitin protein ligase E3C). [provided by Alliance of Genome Resources, Jul 2025]",N/A,N/A
LYS5,852723,N/A,"Enables holo-[acyl-carrier-protein] synthase activity. Involved in lysine biosynthetic process via aminoadipic acid. Predicted to be located in cytoplasm. Predicted to be active in cytosol. Orthologous to human AASDHPPT (aminoadipate-semialdehyde dehydrogenase-phosphopantetheinyl transferase). [provided by Alliance of Genome Resources, Jul 2025]",N/A,N/A
AMS1,852721,N/A,"Enables alpha-mannosidase activity. Involved in carbohydrate catabolic process; cellular response to glucose starvation; and cellular response to nitrogen starvation. Located in fungal-type vacuole membrane. Part of Cvt complex. Human ortholog(s) of this gene implicated in congenital disorder of deglycosylation 2. Orthologous to human MAN2C1 (mannosidase alpha class 2C member 1). [provided by Alliance of Genome Resources, Jul 2025]",N/A,N/A
RCK1,852719,N/A,"Enables protein kinase activity. Involved in regulation of meiotic nuclear division. Acts upstream of or within cellular response to oxidative stress. Predicted to be active in nucleus. [provided by Alliance of Genome Resources, Jul 2025]",N/A,N/A
AIM14,852716,N/A,"Enables superoxide-generating NAD(P)H oxidase activity. Involved in apoptotic process and regulation of actin cytoskeleton organization. Located in perinuclear endoplasmic reticulum. Human ortholog(s) of this gene implicated in X-linked chronic granulomatous disease; chronic granulomatous disease; congenital hypothyroidism; immunodeficiency 34; and thyroid dyshormonogenesis 6. Orthologous to several human genes including NOX3 (NADPH oxidase 3); NOX4 (NADPH oxidase 4); and NOX5 (NADPH oxidase 5). [provided by Alliance of Genome Resources, Jul 2025]",N/A,N/A
RAD54,852713,N/A,"Enables DNA translocase activity. Involved in chromatin remodeling; chromosome organization; and heteroduplex formation. Located in nucleus. Human ortholog(s) of this gene implicated in breast cancer; disease of cellular proliferation; non-Hodgkin lymphoma; and pancreatic cancer. Orthologous to human RAD54L (RAD54 like). [provided by Alliance of Genome Resources, Jul 2025]",N/A,N/A
CUP2,852710,N/A,"Enables DNA-binding transcription factor activity, RNA polymerase II-specific; RNA polymerase II cis-regulatory region sequence-specific DNA binding activity; and copper ion binding activity. Involved in positive regulation of transcription by RNA polymerase II and stress response to copper ion. Located in nucleus. [provided by Alliance of Genome Resources, Jul 2025]",N/A,N/A
TOS3,852696,N/A,"Enables protein serine/threonine kinase activity. Involved in cellular response to glucose starvation and regulation of protein localization to nucleus. Located in peroxisome. Orthologous to several human genes including CAMKK2 (calcium/calmodulin dependent protein kinase kinase 2). [provided by Alliance of Genome Resources, Jul 2025]",N/A,N/A
ATG1,852695,N/A,"Enables protein serine/threonine kinase activity. Involved in several processes, including cellular response to potassium ion starvation; cytoplasm to vacuole targeting by the Cvt pathway; and macroautophagy. Located in several cellular components, including autophagosome membrane; phagophore; and vacuole-isolation membrane contact site. Part of Atg1/ULK1 kinase complex. Used to study triple-receptor negative breast cancer. Orthologous to human ULK3 (unc-51 like kinase 3). [provided by Alliance of Genome Resources, Jul 2025]",N/A,N/A
MDS3,852678,N/A,"Predicted to enable peroxidase activity. Involved in TOR signaling; negative regulation of ascospore formation; and pseudohyphal growth. Located in mitochondrion. [provided by Alliance of Genome Resources, Jul 2025]",N/A,N/A
POX1,852667,N/A,"Predicted to enable acyl-CoA oxidase activity; fatty acid binding activity; and flavin adenine dinucleotide binding activity. Involved in fatty acid beta-oxidation. Located in peroxisomal matrix. Human ortholog(s) of this gene implicated in Mitchell syndrome; congenital bile acid synthesis defect 6; and peroxisomal acyl-CoA oxidase deficiency. Orthologous to several human genes including ACOX1 (acyl-CoA oxidase 1). [provided by Alliance of Genome Resources, Jul 2025]",N/A,N/A
SIP2,852664,N/A,"Contributes to AMP-activated protein kinase activity. Involved in several processes, including cellular response to glucose starvation; invasive growth in response to glucose limitation; and regulation of protein-containing complex assembly. Located in cytoplasm and plasma membrane. Part of nucleotide-activated protein kinase complex. Orthologous to human PRKAB1 (protein kinase AMP-activated non-catalytic subunit beta 1) and PRKAB2 (protein kinase AMP-activated non-catalytic subunit beta 2). [provided by Alliance of Genome Resources, Jul 2025]",N/A,N/A
VID30,852624,N/A,"Involved in negative regulation of gluconeogenesis; proteasome-mediated ubiquitin-dependent protein catabolic process; and regulation of nitrogen utilization. Located in cytoplasm and nucleus. Part of GID complex. Orthologous to human RANBP10 (RAN binding protein 10) and RANBP9 (RAN binding protein 9). [provided by Alliance of Genome Resources, Jul 2025]",N/A,N/A
SAP4,852622,N/A,"Predicted to enable protein phosphatase regulator activity. Involved in G1/S transition of mitotic cell cycle. Located in mitochondrion. Orthologous to human PPP6R1 (protein phosphatase 6 regulatory subunit 1); PPP6R2 (protein phosphatase 6 regulatory subunit 2); and PPP6R3 (protein phosphatase 6 regulatory subunit 3). [provided by Alliance of Genome Resources, Jul 2025]",N/A,N/A
PDE1,852644,N/A,"Enables 3',5'-cyclic-AMP phosphodiesterase activity. Involved in adenylate cyclase-activating G protein-coupled receptor signaling pathway. [provided by Alliance of Genome Resources, Jul 2025]",N/A,N/A
RMR1,852184,N/A,"Enables transcription coactivator activity. Involved in regulation of transcription by RNA polymerase II and transcription initiation at RNA polymerase II promoter. Located in nucleus. Part of core mediator complex. [provided by Alliance of Genome Resources, Jul 2025]",N/A,N/A
ADH4,852636,N/A,"Enables alcohol dehydrogenase (NAD+) activity. Involved in amino acid catabolic process to alcohol via Ehrlich pathway and fermentation. Located in mitochondrion. Orthologous to human ADHFE1 (alcohol dehydrogenase iron containing 1). [provided by Alliance of Genome Resources, Jul 2025]",N/A,N/A
YGL258W-A,852633,N/A,N/A,N/A,N/A
YPS5,852632,N/A,"Predicted to enable aspartic-type endopeptidase activity. [provided by Alliance of Genome Resources, Jul 2025]",N/A,N/A
YGL260W,852631,N/A,N/A,N/A,N/A
PAU11,852630,N/A,"Predicted to be a structural constituent of cell wall. Predicted to be involved in fungal-type cell wall organization. Predicted to be active in fungal-type cell wall. [provided by Alliance of Genome Resources, Jul 2025]",N/A,N/A
STF2,852891,N/A,"Involved in cellular response to desiccation. Located in cytoplasm. [provided by Alliance of Genome Resources, Jul 2025]",N/A,N/A
UGA1,852902,N/A,"Enables 4-aminobutyrate:2-oxoglutarate transaminase activity. Involved in gamma-aminobutyric acid catabolic process. Located in cytosol. Human ortholog(s) of this gene implicated in Alzheimer's disease; GABA aminotransferase deficiency; and Huntington's disease. Orthologous to human ABAT (4-aminobutyrate aminotransferase). [provided by Alliance of Genome Resources, Jul 2025]",N/A,N/A
MTL1,852905,N/A,"Involved in cellular response to glucose starvation; cellular response to oxidative stress; and fungal-type cell wall organization. Located in plasma membrane. [provided by Alliance of Genome Resources, Jul 2025]",N/A,N/A
YGR027W-B,852913,N/A,"Predicted to enable several functions, including DNA polymerase activity; RNA nuclease activity; and peptidase activity. Predicted to be involved in retrotransposition. Predicted to act upstream of or within several processes, including DNA metabolic process; transposition; and viral translational frameshifting. Located in nucleus. [provided by Alliance of Genome Resources, Apr 2025]",N/A,N/A
MSP1,852915,N/A,"Predicted to enable ATP hydrolysis activity. Involved in protein targeting to mitochondrion. Located in mitochondrial outer membrane and peroxisomal membrane. Human ortholog(s) of this gene implicated in hyperekplexia 4. Orthologous to human ATAD1 (ATPase family AAA domain containing 1). [provided by Alliance of Genome Resources, Apr 2025]",N/A,N/A
GSC2,852920,N/A,"Enables 1,3-beta-D-glucan synthase activity. Involved in (1->3)-beta-D-glucan biosynthetic process and ascospore wall assembly. Located in prospore membrane. Part of 1,3-beta-D-glucan synthase complex. [provided by Alliance of Genome Resources, Jul 2025]",N/A,N/A
YGR038C-B,852928,N/A,"Predicted to enable several functions, including DNA polymerase activity; RNA nuclease activity; and peptidase activity. Predicted to be involved in retrotransposition. Predicted to act upstream of or within several processes, including DNA metabolic process; transposition; and viral translational frameshifting. Located in nucleus. [provided by Alliance of Genome Resources, Apr 2025]",N/A,N/A
ORM1,852926,N/A,"Involved in negative regulation of sphingolipid biosynthetic process and response to unfolded protein. Located in endoplasmic reticulum. Part of serine palmitoyltransferase complex. Orthologous to human ORMDL1 (ORMDL sphingolipid biosynthesis regulator 1); ORMDL2 (ORMDL sphingolipid biosynthesis regulator 2); and ORMDL3 (ORMDL sphingolipid biosynthesis regulator 3). [provided by Alliance of Genome Resources, Jul 2025]",N/A,N/A
UFD1,852939,N/A,"Enables polyubiquitin modification-dependent protein binding activity and ubiquitin binding activity. Involved in several processes, including nonfunctional rRNA decay; positive regulation of protein localization to nucleus; and proteasomal protein catabolic process. Located in nucleus. Part of RQC complex; endoplasmic reticulum membrane; and replisome. Used to study cleft palate. Human ortholog(s) of this gene implicated in DiGeorge syndrome and schizophrenia. Orthologous to human UFD1 (ubiquitin recognition factor in ER associated degradation 1). [provided by Alliance of Genome Resources, Jul 2025]",N/A,N/A
YGR053C,852944,N/A,N/A,N/A,N/A
YGR066C,852957,N/A,"Involved in protein catabolic process; response to osmotic stress; and response to starvation. Part of GID complex. Orthologous to human GID4 (GID complex subunit 4 homolog). [provided by Alliance of Genome Resources, Jul 2025]",N/A,N/A
YGR067C,852958,N/A,"Enables sequence-specific DNA binding activity. Predicted to be involved in regulation of transcription by RNA polymerase II. Predicted to be located in nucleus. Predicted to be active in chromatin. [provided by Alliance of Genome Resources, Jul 2025]",N/A,N/A
ROM1,852961,N/A,"Enables guanyl-nucleotide exchange factor activity. Involved in small GTPase-mediated signal transduction. Located in cytoplasm. Orthologous to human ARHGEF3 (Rho guanine nucleotide exchange factor 3) and NET1 (neuroepithelial cell transforming 1). [provided by Alliance of Genome Resources, Jul 2025]",N/A,N/A
TWF1,852971,N/A,"Enables actin filament binding activity; actin monomer binding activity; and protein sequestering activity. Involved in actin cytoskeleton organization; actin filament severing; and positive regulation of actin filament depolymerization. Located in actin filament. Orthologous to human TWF1 (twinfilin actin binding protein 1) and TWF2 (twinfilin actin binding protein 2). [provided by Alliance of Genome Resources, Jul 2025]",N/A,N/A
PDC6,852978,N/A,"Enables pyruvate decarboxylase activity. Involved in aromatic amino acid family catabolic process and ethanol metabolic process. Located in cytoplasm. [provided by Alliance of Genome Resources, Jul 2025]",N/A,N/A
CTT1,852979,N/A,"Enables catalase activity. Involved in response to reactive oxygen species. Located in cytoplasm. Human ortholog(s) of this gene implicated in several diseases, including acatalasia; eye disease (multiple); lung disease (multiple); osteonecrosis; and pseudoxanthoma elasticum. Orthologous to human CAT (catalase). [provided by Alliance of Genome Resources, Jul 2025]",N/A,N/A
TPC1,852988,N/A,"Enables thiamine pyrophosphate transmembrane transporter activity. Involved in mitochondrial thiamine pyrophosphate transmembrane transport. Located in mitochondrial inner membrane. Human ortholog(s) of this gene implicated in inherited metabolic disorder and microcephaly. Orthologous to human SLC25A19 (solute carrier family 25 member 19). [provided by Alliance of Genome Resources, Jul 2025]",N/A,N/A
ASK10,852989,N/A,"Enables channel regulator activity. Involved in cellular response to oxidative stress; positive regulation of glycerol transport; and protein catabolic process. Located in cytoplasm. [provided by Alliance of Genome Resources, Jul 2025]",N/A,N/A
MDR1,852992,N/A,"Enables GTPase activator activity. Involved in activation of GTPase activity. Located in cytoplasm and mating projection tip. Human ortholog(s) of this gene implicated in nephrotic syndrome type 20. Orthologous to several human genes including TBC1D8 (TBC1 domain family member 8); TBC1D8B (TBC1 domain family member 8B); and TBC1D9 (TBC1 domain family member 9). [provided by Alliance of Genome Resources, Jul 2025]",N/A,N/A
CLD1,853007,N/A,"Enables phospholipase A2 activity. Involved in cardiolipin acyl-chain remodeling. Located in mitochondrial inner membrane. Human ortholog(s) of this gene implicated in Chanarin-Dorfman syndrome; autosomal recessive congenital ichthyosis 1; and colon adenocarcinoma. Orthologous to human ABHD4 (abhydrolase domain containing 4, N-acyl phospholipase B) and ABHD5 (abhydrolase domain containing 5, lysophosphatidic acid acyltransferase). [provided by Alliance of Genome Resources, Jul 2025]",N/A,N/A
YGR117C,853014,N/A,"Predicted to act upstream of or within regulation of primary metabolic process. Located in cytoplasm. [provided by Alliance of Genome Resources, Apr 2025]",N/A,N/A
YGR127W,853028,N/A,"Predicted to be involved in Golgi organization and protein secretion. Located in peroxisome. Human ortholog(s) of this gene implicated in TANGO2-related metabolic encephalopathy and arrythmias. Orthologous to human TANGO2 (transport and golgi organization 2 homolog). [provided by Alliance of Genome Resources, Jul 2025]",N/A,N/A
YGR130C,853031,N/A,"Involved in cellular response to glucose starvation and protein localization to eisosome filament. Located in cytoplasm. Is active in eisosome. [provided by Alliance of Genome Resources, Jul 2025]",N/A,N/A
FHN1,853032,N/A,"Involved in protein localization to plasma membrane. Located in cell periphery. [provided by Alliance of Genome Resources, Jul 2025]",N/A,N/A
LSB1,853037,N/A,"Involved in negative regulation of Arp2/3 complex-mediated actin nucleation. Located in actin cortical patch. Human ortholog(s) of this gene implicated in breast cancer; prostate adenocarcinoma; and prostate cancer. Orthologous to human GRB2 (growth factor receptor bound protein 2). [provided by Alliance of Genome Resources, Jul 2025]",N/A,N/A
VPS62,853042,N/A,"Involved in protein targeting to vacuole. Located in endoplasmic reticulum and fungal-type vacuole membrane. [provided by Alliance of Genome Resources, Jul 2025]",N/A,N/A
BTN2,853043,N/A,"Enables SNARE binding activity; protein sequestering activity; and protein-folding chaperone binding activity. Involved in several processes, including protein folding; protein localization to nucleus; and retrograde transport, endosome to Golgi. Located in several cellular components, including late endosome; nuclear periphery; and perinuclear region of cytoplasm. [provided by Alliance of Genome Resources, Jul 2025]",N/A,N/A
THI4,853047,N/A,"Enables cysteine-dependent adenosine diphosphate thiazole synthase activity and ferrous iron binding activity. Involved in mitochondrial genome maintenance; thiamine biosynthetic process; and thiazole biosynthetic process. Located in cytosol. [provided by Alliance of Genome Resources, Jul 2025]",N/A,N/A
GPC1,853052,N/A,"Enables glycero-3-phosphocholine acyltransferase activity. Involved in phosphatidylcholine biosynthetic process. Acts upstream of or within phosphatidylcholine acyl-chain remodeling and phosphatidylcholine biosynthesis from sn-glycero-3-phosphocholine. Located in cell periphery and endoplasmic reticulum. [provided by Alliance of Genome Resources, Jul 2025]",N/A,N/A
RTS3,853065,N/A,"Located in cytoplasm and nucleus. [provided by Alliance of Genome Resources, Jul 2025]",N/A,N/A
YGR161C-D,853068,N/A,"Predicted to enable several functions, including DNA polymerase activity; RNA nuclease activity; and peptidase activity. Predicted to be involved in retrotransposition. Predicted to act upstream of or within several processes, including DNA metabolic process; transposition; and viral translational frameshifting. Located in nucleus. [provided by Alliance of Genome Resources, Apr 2025]",N/A,N/A
YGR161W-B,853067,N/A,"Predicted to enable several functions, including DNA polymerase activity; RNA nuclease activity; and peptidase activity. Predicted to be involved in retrotransposition. Predicted to act upstream of or within several processes, including DNA metabolic process; transposition; and viral translational frameshifting. Located in nucleus. [provided by Alliance of Genome Resources, Apr 2025]",N/A,N/A
XKS1,853108,N/A,"Enables D-xylulokinase activity. Involved in xylulose catabolic process. Located in cytoplasm. Orthologous to human XYLB (xylulokinase). [provided by Alliance of Genome Resources, Jul 2025]",N/A,N/A
TDA10,853119,N/A,"Enables ATP binding activity. Located in cytoplasm and nucleus. [provided by Alliance of Genome Resources, Jul 2025]",N/A,N/A
RTA1,853127,N/A,"Located in plasma membrane. [provided by Alliance of Genome Resources, Jul 2025]",N/A,N/A
HSV2,853138,N/A,"Enables phosphatidylinositol phosphate binding activity. Involved in piecemeal microautophagy of the nucleus. Located in endosome and fungal-type vacuole. Human ortholog(s) of this gene implicated in neurodegeneration with brain iron accumulation 5. Orthologous to several human genes including WDR45B (WD repeat domain 45B). [provided by Alliance of Genome Resources, Jul 2025]",N/A,N/A
AMA1,853140,N/A,"Enables ubiquitin ligase activator activity. Involved in several processes, including ascospore wall assembly; positive regulation of anaphase-promoting complex-dependent catabolic process; and regulation of cell cycle process. Part of anaphase-promoting complex. [provided by Alliance of Genome Resources, Jul 2025]",N/A,N/A
YGR237C,853152,N/A,"Located in cytoplasm. [provided by Alliance of Genome Resources, Jul 2025]",N/A,N/A
MPC3,853158,N/A,"Enables pyruvate transmembrane transporter activity. Involved in mitochondrial pyruvate transmembrane transport. Located in mitochondrial membrane. Orthologous to human MPC2 (mitochondrial pyruvate carrier 2). [provided by Alliance of Genome Resources, Apr 2025]",N/A,N/A
LSC2,853159,N/A,"Contributes to succinate-CoA ligase (ADP-forming) activity. Involved in succinyl-CoA metabolic process. Located in mitochondrion. Human ortholog(s) of this gene implicated in mitochondrial DNA depletion syndrome 5. Orthologous to human SUCLA2 (succinate-CoA ligase ADP-forming subunit beta). [provided by Alliance of Genome Resources, Jul 2025]",N/A,N/A
SOL4,853163,N/A,"Enables 6-phosphogluconolactonase activity. Predicted to be involved in pentose-phosphate shunt, oxidative branch. Predicted to act upstream of or within carbohydrate metabolic process and pentose-phosphate shunt. Located in cytosol. Orthologous to human PGLS (6-phosphogluconolactonase). [provided by Alliance of Genome Resources, Apr 2025]",N/A,N/A
RIE1,853165,N/A,"Enables mRNA binding activity. Acts upstream of or within negative regulation of G1/S transition of mitotic cell cycle. Located in cytoplasmic stress granule. [provided by Alliance of Genome Resources, Jul 2025]",N/A,N/A
ENO1,853169,N/A,"Enables melatonin binding activity and phosphopyruvate hydratase activity. Involved in glycolytic process and regulation of vacuole fusion, non-autophagic. Located in fungal-type vacuole and mitochondrion. Part of phosphopyruvate hydratase complex. Human ortholog(s) of this gene implicated in Alzheimer's disease and prostate cancer. Orthologous to human ENO1 (enolase 1); ENO2 (enolase 2); and ENO3 (enolase 3). [provided by Alliance of Genome Resources, Jul 2025]",N/A,N/A
COQ6,853170,N/A,"Enables oxidoreductase activity, acting on paired donors, with incorporation or reduction of molecular oxygen, reduced flavin or flavoprotein as one donor, and incorporation of one atom of oxygen. Involved in ubiquinone biosynthetic process. Located in mitochondrial inner membrane. Used to study nephrotic syndrome; primary coenzyme Q10 deficiency 6; and schwannomatosis. Human ortholog(s) of this gene implicated in nephrotic syndrome and primary coenzyme Q10 deficiency 6. Orthologous to human COQ6 (coenzyme Q6, monooxygenase). [provided by Alliance of Genome Resources, Jul 2025]",N/A,N/A
GND2,853172,N/A,"Enables phosphogluconate dehydrogenase (decarboxylating) activity. Involved in pentose-phosphate shunt, oxidative branch. Located in plasma membrane. Orthologous to human PGD (phosphogluconate dehydrogenase). [provided by Alliance of Genome Resources, Jul 2025]",N/A,N/A
RAD2,853174,N/A,"Enables single-stranded DNA endodeoxyribonuclease activity. Involved in nucleotide-excision repair and transcription by RNA polymerase II. Part of nucleotide-excision repair factor 3 complex. Used to study Cockayne syndrome and xeroderma pigmentosum. Human ortholog(s) of this gene implicated in several diseases, including cerebrooculofacioskeletal syndrome 3; melanoma; respiratory system cancer (multiple); stomach cancer; and xeroderma pigmentosum group G. Orthologous to human ERCC5 (ERCC excision repair 5, endonuclease). [provided by Alliance of Genome Resources, Jul 2025]",N/A,N/A
SAY1,853179,N/A,"Enables steryl deacetylase activity. Involved in response to toxic substance and sterol metabolic process. Located in endoplasmic reticulum lumen; lipid droplet; and membrane. [provided by Alliance of Genome Resources, Jul 2025]",N/A,N/A
HUA1,853185,N/A,"Located in cytoplasm. [provided by Alliance of Genome Resources, Jul 2025]",N/A,N/A
ERV29,853201,N/A,"Enables COPII receptor activity. Involved in endoplasmic reticulum to Golgi vesicle-mediated transport. Located in COPII-coated ER to Golgi transport vesicle. Orthologous to human SURF4 (surfeit 4). [provided by Alliance of Genome Resources, Jul 2025]",N/A,N/A
IMA1,853204,N/A,"Enables oligo-1,6-glucosidase activity and sucrose alpha-glucosidase activity. Involved in disaccharide catabolic process. Located in mitochondrion. Human ortholog(s) of this gene implicated in cystinuria. Orthologous to human SLC3A1 (solute carrier family 3 member 1). [provided by Alliance of Genome Resources, Jul 2025]",N/A,N/A
MAL13,853205,N/A,"Predicted to enable DNA-binding transcription factor activity. Involved in carbohydrate metabolic process. Predicted to be located in nucleus. [provided by Alliance of Genome Resources, Jul 2025]",N/A,N/A
MAL11,853207,N/A,"Enables alpha-glucoside:proton symporter activity; maltose:proton symporter activity; and trehalose transmembrane transporter activity. Involved in disaccharide catabolic process; maltose transport; and trehalose transport. Predicted to be located in plasma membrane. Predicted to be active in membrane. [provided by Alliance of Genome Resources, Jul 2025]",N/A,N/A
MAL12,853209,N/A,"Enables alpha-1,4-glucosidase activity and glucan 1,4-alpha-maltotriohydrolase activity. Involved in maltose catabolic process and sucrose catabolic process. Located in plasma membrane. Human ortholog(s) of this gene implicated in cystinuria. Orthologous to human SLC3A1 (solute carrier family 3 member 1). [provided by Alliance of Genome Resources, Jul 2025]",N/A,N/A
COS6,853212,N/A,"Predicted to be involved in protein transport to vacuole involved in ubiquitin-dependent protein catabolic process via the multivesicular body sorting pathway. Located in endosome. [provided by Alliance of Genome Resources, Jul 2025]",N/A,N/A
ETP1,856376,N/A,"Enables nuclear localization sequence binding activity and ubiquitin binding activity. Involved in response to ethanol. Predicted to be active in cytoplasm. Orthologous to human BRAP (BRCA1 associated protein). [provided by Alliance of Genome Resources, Jul 2025]",N/A,N/A
DUR3,856370,N/A,"Enables putrescine transmembrane transporter activity; spermidine transmembrane transporter activity; and urea transmembrane transporter activity. Involved in putrescine transport; spermidine transport; and urea transport. Located in plasma membrane. Human ortholog(s) of this gene implicated in congenital hypothyroidism and thyroid dyshormonogenesis 1. Orthologous to human SLC5A5 (solute carrier family 5 member 5). [provided by Alliance of Genome Resources, Jul 2025]",N/A,N/A
AIM17,856365,N/A,"Predicted to enable dioxygenase activity and metal ion binding activity. Involved in mitochondrion organization. Located in mitochondrion. Human ortholog(s) of this gene implicated in autistic disorder. Orthologous to several human genes including BBOX1 (gamma-butyrobetaine hydroxylase 1). [provided by Alliance of Genome Resources, Jul 2025]",N/A,N/A
RIM4,856361,N/A,"Enables RNA binding activity. Involved in premeiotic DNA replication; reciprocal meiotic recombination; and sporulation resulting in formation of a cellular spore. Located in cytoplasm. [provided by Alliance of Genome Resources, Jul 2025]",N/A,N/A
WSC4,856357,N/A,"Enables protein transmembrane transporter activity. Involved in protein targeting to ER; protein targeting to membrane; and response to heat. Located in endoplasmic reticulum membrane. [provided by Alliance of Genome Resources, Jul 2025]",N/A,N/A
ECM29,856355,N/A,"Enables ATPase inhibitor activity and molecular adaptor activity. Involved in proteasome assembly. Located in nucleus. Part of proteasome complex. Orthologous to human ECPAS (Ecm29 proteasome adaptor and scaffold). [provided by Alliance of Genome Resources, Jul 2025]",N/A,N/A
MUP3,856349,N/A,"Enables L-methionine transmembrane transporter activity. Involved in methionine import across plasma membrane. Located in fungal-type vacuole. Orthologous to human SLC7A13 (solute carrier family 7 member 13). [provided by Alliance of Genome Resources, Jul 2025]",N/A,N/A
YHL044W,856341,N/A,"Located in plasma membrane. [provided by Alliance of Genome Resources, Jul 2025]",N/A,N/A
YHL045W,856340,N/A,"Located in peroxisome. [provided by Alliance of Genome Resources, Jul 2025]",N/A,N/A
PAU13,856339,N/A,"Predicted to be a structural constituent of cell wall. Predicted to be involved in fungal-type cell wall organization. Predicted to be active in fungal-type cell wall. [provided by Alliance of Genome Resources, Jul 2025]",N/A,N/A
COS8,856337,N/A,"Predicted to be involved in protein transport to vacuole involved in ubiquitin-dependent protein catabolic process via the multivesicular body sorting pathway. Located in nuclear envelope. [provided by Alliance of Genome Resources, Jul 2025]",N/A,N/A
NEM1,856393,N/A,"Contributes to phosphoprotein phosphatase activity. Involved in lipid droplet formation; nuclear envelope organization; and regulation of lipid biosynthetic process. Located in endoplasmic reticulum; lipid droplet; and membrane. Part of Nem1-Spo7 phosphatase complex. Orthologous to human CTDNEP1 (CTD nuclear envelope phosphatase 1). [provided by Alliance of Genome Resources, Jul 2025]",N/A,N/A
YHR007C-A,1466526,N/A,"Predicted to be located in membrane. [provided by Alliance of Genome Resources, Jul 2025]",N/A,N/A
SOD2,856399,N/A,"Enables superoxide dismutase activity. Involved in reactive oxygen species metabolic process. Located in mitochondrial matrix. Used to study Alzheimer's disease; Parkinson's disease; and cancer. Human ortholog(s) of this gene implicated in several diseases, including artery disease (multiple); autoimmune disease (multiple); cardiomyopathy (multiple); liver disease (multiple); and optic nerve disease (multiple). Orthologous to human SOD2 (superoxide dismutase 2). [provided by Alliance of Genome Resources, Jul 2025]",N/A,N/A
SPO13,856405,N/A,"Involved in meiotic sister chromatid cohesion; positive regulation of sister chromatid cohesion; and protein localization to chromosome, centromeric region. Located in condensed chromosome, centromeric region; meiotic spindle; and nucleus. [provided by Alliance of Genome Resources, Jul 2025]",N/A,N/A
YSC84,856409,N/A,"Enables actin filament binding activity. Involved in actin cortical patch localization; actin filament bundle assembly; and endocytosis. Located in actin cortical patch. Orthologous to human SH3YL1 (SH3 and SYLF domain containing 1). [provided by Alliance of Genome Resources, Jul 2025]",N/A,N/A
YSC83,856410,N/A,"Located in mitochondrial outer membrane. [provided by Alliance of Genome Resources, Jul 2025]",N/A,N/A
ARG4,856411,N/A,"Enables argininosuccinate lyase activity. Involved in L-arginine biosynthetic process via ornithine. Located in cytosol. Human ortholog(s) of this gene implicated in amino acid metabolic disorder and argininosuccinic aciduria. Orthologous to human ASL (argininosuccinate lyase). [provided by Alliance of Genome Resources, Jul 2025]",N/A,N/A
DAP2,856423,N/A,"Enables dipeptidyl-peptidase activity. Predicted to be involved in protein processing. Located in fungal-type vacuole membrane. Human ortholog(s) of this gene implicated in Middle East respiratory syndrome and type 2 diabetes mellitus. Orthologous to human DPP4 (dipeptidyl peptidase 4). [provided by Alliance of Genome Resources, Jul 2025]",N/A,N/A
SLT2,856425,N/A,"Enables protein serine/threonine kinase activity. Involved in several processes, including intracellular signal transduction; pexophagy; and regulation of fungal-type cell wall organization. Located in several cellular components, including cellular bud neck; cellular bud tip; and mating projection tip. Orthologous to human MAPK7 (mitogen-activated protein kinase 7). [provided by Alliance of Genome Resources, Jul 2025]",N/A,N/A
PUT2,856432,N/A,"Enables 1-pyrroline-5-carboxylate dehydrogenase activity. Involved in glutamate biosynthetic process and proline catabolic process to glutamate. Located in mitochondrial matrix. Used to study disease of metabolism. Human ortholog(s) of this gene implicated in hyperprolinemia type 2. Orthologous to human ALDH4A1 (aldehyde dehydrogenase 4 family member A1). [provided by Alliance of Genome Resources, Apr 2025]",N/A,N/A
DOG2,856439,N/A,"Enables 2-deoxyglucose-6-phosphatase activity. Involved in glucose metabolic process. Located in cytoplasm and nucleus. Used to study cancer. [provided by Alliance of Genome Resources, Jul 2025]",N/A,N/A
DOG1,856440,N/A,"Enables 2-deoxyglucose-6-phosphatase activity. Involved in glucose metabolic process. [provided by Alliance of Genome Resources, Jul 2025]",N/A,N/A
INM1,856442,N/A,"Enables inositol monophosphate 1-phosphatase activity. Involved in inositol phosphate catabolic process. Located in cytoplasm and nucleus. Human ortholog(s) of this gene implicated in autosomal recessive intellectual developmental disorder 59; bipolar disorder; intellectual disability; and schizophrenia. Orthologous to several human genes including IMPA2 (inositol monophosphatase 2). [provided by Alliance of Genome Resources, Jul 2025]",N/A,N/A
FSH1,856445,N/A,"Enables lysophospholipase activity. Involved in apoptotic process. Located in cytoplasm and nucleus. Orthologous to human OVCA2 (OVCA2 serine hydrolase domain containing). [provided by Alliance of Genome Resources, Apr 2025]",N/A,N/A
PCL5,856468,N/A,"Enables cyclin-dependent protein serine/threonine kinase regulator activity. Involved in negative regulation of macroautophagy and regulation of protein stability. Located in nucleus. Part of cyclin-dependent protein kinase holoenzyme complex. [provided by Alliance of Genome Resources, Jul 2025]",N/A,N/A
PPE1,856474,N/A,"Enables protein C-terminal methylesterase activity. Involved in C-terminal protein demethylation. Part of mitochondrial small ribosomal subunit. Orthologous to human PPME1 (protein phosphatase methylesterase 1). [provided by Alliance of Genome Resources, Jul 2025]",N/A,N/A
KSP1,856482,N/A,"Enables mRNA binding activity and protein kinase activity. Involved in several processes, including TOR signaling; negative regulation of macroautophagy; and regulation of pseudohyphal growth. Located in cytoplasmic stress granule and nucleus. [provided by Alliance of Genome Resources, Jul 2025]",N/A,N/A
RTC3,856487,N/A,"Involved in RNA metabolic process. Located in cytoplasm and nucleus. [provided by Alliance of Genome Resources, Jul 2025]",N/A,N/A
YHR097C,856497,N/A,"Located in actin cortical patch and nuclear periphery. [provided by Alliance of Genome Resources, Jul 2025]",N/A,N/A
BIG1,856501,N/A,"Involved in (1->6)-beta-D-glucan biosynthetic process. Acts upstream of or within vacuolar proton-transporting V-type ATPase complex assembly. Located in endoplasmic reticulum membrane. Used to study follicular lymphoma. [provided by Alliance of Genome Resources, Jul 2025]",N/A,N/A
GRE3,856504,N/A,"Enables D-xylose reductase (NADPH) activity and mRNA binding activity. Involved in cellular response to osmotic stress; cellular response to oxidative stress; and monosaccharide catabolic process. Located in cytoplasm and nucleus. Human ortholog(s) of this gene implicated in 46,XY sex reversal 8; alcohol dependence; congenital bile acid synthesis defect 2; and leukemia (multiple). Orthologous to several human genes including AKR1E2 (aldo-keto reductase family 1 member E2). [provided by Alliance of Genome Resources, Jul 2025]",N/A,N/A
YHR112C,856512,N/A,"Predicted to enable cysteine-S-conjugate beta-lyase activity and pyridoxal phosphate binding activity. Predicted to be involved in transsulfuration. Located in cytoplasm and nucleus. [provided by Alliance of Genome Resources, Jul 2025]",N/A,N/A
APE4,856513,N/A,"Enables aminopeptidase activity. Involved in proteolysis. Located in fungal-type vacuole lumen. Orthologous to human DNPEP (aspartyl aminopeptidase). [provided by Alliance of Genome Resources, Jul 2025]",N/A,N/A
IGO2,856534,N/A,"Predicted to enable protein phosphatase inhibitor activity. Involved in cellular response to heat; negative regulation of nuclear-transcribed mRNA catabolic process, deadenylation-dependent decay; and positive regulation of cell cycle process. Located in cytoplasm and nucleus. Orthologous to human ARPP19 (cAMP regulated phosphoprotein 19) and ENSA (endosulfine alpha). [provided by Alliance of Genome Resources, Jul 2025]",N/A,N/A
SPL2,856538,N/A,"Predicted to enable cyclin-dependent protein serine/threonine kinase inhibitor activity. Involved in protein targeting to vacuole. Located in cytoplasm. [provided by Alliance of Genome Resources, Jul 2025]",N/A,N/A
ARO9,856539,N/A,"Enables aromatic-amino-acid transaminase activity. Involved in L-phenylalanine biosynthetic process and tyrosine biosynthetic process. Located in cytoplasm and nucleus. Orthologous to human AADAT (aminoadipate aminotransferase). [provided by Alliance of Genome Resources, Jul 2025]",N/A,N/A
YHR138C,856540,N/A,"Enables endopeptidase inhibitor activity. Involved in vacuole fusion, non-autophagic. [provided by Alliance of Genome Resources, Jul 2025]",N/A,N/A
YHR140W,856543,N/A,"Located in endoplasmic reticulum. Orthologous to human ADTRP (androgen dependent TFPI regulating protein) and AIG1 (androgen induced 1). [provided by Alliance of Genome Resources, Jul 2025]",N/A,N/A
TDA11,856564,N/A,"Located in cytoplasm. [provided by Alliance of Genome Resources, Jul 2025]",N/A,N/A
PEX18,856565,N/A,"Involved in protein import into peroxisome matrix. Located in cytosol and peroxisome. [provided by Alliance of Genome Resources, Jul 2025]",N/A,N/A
YAP1801,856566,N/A,"Enables clathrin binding activity. Involved in endocytosis. Located in plasma membrane. Human ortholog(s) of this gene implicated in acute myeloid leukemia. Orthologous to human PICALM (phosphatidylinositol binding clathrin assembly protein) and SNAP91 (synaptosome associated protein 91). [provided by Alliance of Genome Resources, Jul 2025]",N/A,N/A
MPC2,856567,N/A,"Enables pyruvate transmembrane transporter activity. Involved in mitochondrial pyruvate transmembrane transport. Located in mitochondrial inner membrane. Orthologous to human MPC2 (mitochondrial pyruvate carrier 2). [provided by Alliance of Genome Resources, Apr 2025]",N/A,N/A
ATG7,856576,N/A,"Enables Atg12 activating enzyme activity and Atg8 activating enzyme activity. Involved in several processes, including cytoplasm to vacuole targeting by the Cvt pathway; piecemeal microautophagy of the nucleus; and post-translational protein modification. Located in cytosol; membrane; and phagophore assembly site. Used to study nervous system disease. Human ortholog(s) of this gene implicated in autosomal recessive spinocerebellar ataxia 31. Orthologous to human ATG7 (autophagy related 7). [provided by Alliance of Genome Resources, Jul 2025]",N/A,N/A
FMO1,856581,N/A,"Enables N,N-dimethylaniline monooxygenase activity. Involved in protein folding. Located in endoplasmic reticulum membrane. Human ortholog(s) of this gene implicated in hypertension; inherited metabolic disorder; and trimethylaminuria. Orthologous to several human genes including FMO1 (flavin containing dimethylaniline monoxygenase 1); FMO2 (flavin containing dimethylaniline monoxygenase 2); and FMO3 (flavin containing dimethylaniline monoxygenase 3). [provided by Alliance of Genome Resources, Jul 2025]",N/A,N/A
OYE2,856584,N/A,"Enables NADPH dehydrogenase activity. Involved in apoptotic process. Located in mitochondrion and nucleus. [provided by Alliance of Genome Resources, Jul 2025]",N/A,N/A
MDM31,856601,N/A,"Involved in several processes, including intracellular monoatomic ion homeostasis; mitochondrion inheritance; and regulation of cardiolipin metabolic process. Located in mitochondrial inner membrane. [provided by Alliance of Genome Resources, Jul 2025]",N/A,N/A
NVJ1,856602,N/A,"Enables structural molecule activity. Involved in nucleus-vacuole junction assembly; piecemeal microautophagy of the nucleus; and protein localization. Located in membrane and nuclear envelope. Is active in nucleus-vacuole junction. [provided by Alliance of Genome Resources, Jul 2025]",N/A,N/A
AIM18,856605,N/A,"Enables heme binding activity. Located in mitochondrial inner membrane. [provided by Alliance of Genome Resources, Jul 2025]",N/A,N/A
YHR202W,856609,N/A,"Predicted to enable 5'-nucleotidase activity. Involved in NAD catabolic process. Located in cytosol. Is active in extracellular region. [provided by Alliance of Genome Resources, Apr 2025]",N/A,N/A
YHR210C,856617,N/A,"Predicted to enable aldose 1-epimerase activity. Predicted to be involved in galactose catabolic process via UDP-galactose, Leloir pathway and glucose metabolic process. Predicted to act upstream of or within carbohydrate metabolic process. Human ortholog(s) of this gene implicated in galactosemia 4. Orthologous to human GALM (galactose mutarotase). [provided by Alliance of Genome Resources, Apr 2025]",N/A,N/A
YHR214C-B,856623,N/A,"Predicted to enable several functions, including DNA polymerase activity; RNA nuclease activity; and peptidase activity. Predicted to be involved in retrotransposition. Predicted to act upstream of or within several processes, including DNA metabolic process; transposition; and viral translational frameshifting. Located in nucleus. [provided by Alliance of Genome Resources, Apr 2025]",N/A,N/A
PHO12,856625,N/A,"Enables acid phosphatase activity. Located in fungal-type vacuole. Human ortholog(s) of this gene implicated in papillary thyroid carcinoma and pontocerebellar hypoplasia type 16. Orthologous to human MINPP1 (multiple inositol-polyphosphate phosphatase 1). [provided by Alliance of Genome Resources, Jul 2025]",N/A,N/A
YIL001W,854816,N/A,"Located in cytoplasm. Orthologous to human ABTB1 (ankyrin repeat and BTB domain containing 1). [provided by Alliance of Genome Resources, Jul 2025]",N/A,N/A
YIA6,854811,N/A,"Enables NAD transmembrane transporter activity. Involved in NAD transmembrane transport and mitochondrial pyruvate transmembrane transport. Located in mitochondrion. Orthologous to human SLC25A32 (solute carrier family 25 member 32). [provided by Alliance of Genome Resources, Apr 2025]",N/A,N/A
EST3,854806,N/A,"Enables DNA/RNA helicase activity; GTPase activity; and telomeric DNA binding activity. Involved in telomere maintenance via telomerase. Located in nucleus. Part of telomerase holoenzyme complex. [provided by Alliance of Genome Resources, Jul 2025]",N/A,N/A
YIL014C-A,854799,N/A,N/A,N/A,N/A
MNT3,854801,N/A,"Enables alpha-1,3-mannosyltransferase activity. Involved in protein O-linked glycosylation. Located in Golgi apparatus. [provided by Alliance of Genome Resources, Jul 2025]",N/A,N/A
BAR1,854797,N/A,"Enables aspartic-type endopeptidase activity. Involved in cellular response to pheromone; conjugation with cellular fusion; and peptide catabolic process. Located in extracellular region and fungal-type cell wall. Human ortholog(s) of this gene implicated in Alzheimer's disease. Orthologous to human BACE2 (beta-secretase 2). [provided by Alliance of Genome Resources, Jul 2025]",N/A,N/A
VID28,854795,N/A,"Involved in negative regulation of gluconeogenesis; proteasome-mediated ubiquitin-dependent protein catabolic process; and protein catabolic process in the vacuole. Located in cytoplasm and nucleus. Part of GID complex. Orthologous to human ARMC8 (armadillo repeat containing 8). [provided by Alliance of Genome Resources, Jul 2025]",N/A,N/A
IRR1,854786,N/A,"Enables chromatin binding activity. Involved in mitotic sister chromatid cohesion. Located in cytosol and nucleus. Part of mitotic cohesin complex. Human ortholog(s) of this gene implicated in Holoprosencephaly 13, X-linked; Mullegama-Klein-Martinez syndrome; autosomal dominant intellectual developmental disorder 47; primary ovarian insufficiency 8; and spermatogenic failure 61. Orthologous to several human genes including STAG1 (STAG1 cohesin complex component) and STAG3 (STAG3 cohesin complex component). [provided by Alliance of Genome Resources, Jul 2025]",N/A,N/A
BCY1,854778,N/A,"Enables cAMP-dependent protein kinase inhibitor activity. Involved in several processes, including cellular response to glucose starvation; negative regulation of Ras protein signal transduction; and protein localization to bud neck. Located in several cellular components, including chromatin; nucleus; and plasma membrane. Human ortholog(s) of this gene implicated in congestive heart failure. Orthologous to several human genes including PRKAR2A (protein kinase cAMP-dependent type II regulatory subunit alpha) and PRKAR2B (protein kinase cAMP-dependent type II regulatory subunit beta). [provided by Alliance of Genome Resources, Jul 2025]",N/A,N/A
CAP2,854777,N/A,"Enables actin filament binding activity. Involved in barbed-end actin filament capping and filamentous growth. Located in cellular bud tip; cortical actin cytoskeleton; and incipient cellular bud site. Part of F-actin capping protein complex. Orthologous to human CAPZB (capping actin protein of muscle Z-line subunit beta). [provided by Alliance of Genome Resources, Jul 2025]",N/A,N/A
CST6,854775,N/A,"Enables DNA-binding transcription activator activity, RNA polymerase II-specific and sequence-specific DNA binding activity. Involved in cellular response to carbon dioxide; cellular response to oleic acid; and positive regulation of transcription by RNA polymerase II. Located in cytosol and nucleus. [provided by Alliance of Genome Resources, Jul 2025]",N/A,N/A
PIG2,854766,N/A,"Predicted to enable glycogen binding activity; protein phosphatase 1 binding activity; and protein phosphatase regulator activity. Involved in regulation of glycogen biosynthetic process. Located in cytoplasm. Human ortholog(s) of this gene implicated in hypoglycemia and type 2 diabetes mellitus. Orthologous to several human genes including PPP1R3B (protein phosphatase 1 regulatory subunit 3B) and PPP1R3C (protein phosphatase 1 regulatory subunit 3C). [provided by Alliance of Genome Resources, Jul 2025]",N/A,N/A
YIL053W,854758,N/A,"Enables glycerol-1-phosphatase activity. Involved in glycerol biosynthetic process. Located in cytoplasm. [provided by Alliance of Genome Resources, Jul 2025]",N/A,N/A
YIL055C,854756,N/A,"Located in mitochondrion. [provided by Alliance of Genome Resources, Jul 2025]",N/A,N/A
VHR1,854755,N/A,"Enables DNA-binding transcription factor activity, RNA polymerase II-specific and RNA polymerase II transcription regulatory region sequence-specific DNA binding activity. Involved in cellular response to biotin starvation and positive regulation of transcription by RNA polymerase II. Located in nucleus. [provided by Alliance of Genome Resources, Jul 2025]",N/A,N/A
RNR3,854744,N/A,"Contributes to ribonucleoside-diphosphate reductase activity, thioredoxin disulfide as acceptor. Involved in deoxyribonucleotide biosynthetic process. Located in cytoplasm. Human ortholog(s) of this gene implicated in chronic progressive external ophthalmoplegia. Orthologous to human RRM1 (ribonucleotide reductase catalytic subunit M1). [provided by Alliance of Genome Resources, Jul 2025]",N/A,N/A
HOP1,854738,N/A,"Enables chromatin binding activity and four-way junction DNA binding activity. Involved in activation of reciprocal meiotic recombination; meiotic recombination checkpoint signaling; and synaptonemal complex assembly. Located in lateral element. Orthologous to several human genes including HORMAD1 (HORMA domain containing 1). [provided by Alliance of Genome Resources, Jul 2025]",N/A,N/A
SPO22,854737,N/A,"Involved in positive regulation of protein sumoylation and regulation of synaptonemal complex assembly. Located in nucleus. Human ortholog(s) of this gene implicated in X-linked spermatogenic failure 2. Orthologous to human TEX11 (testis expressed 11). [provided by Alliance of Genome Resources, Jul 2025]",N/A,N/A
AIM19,854722,N/A,"Located in mitochondrion. [provided by Alliance of Genome Resources, Jul 2025]",N/A,N/A
FYV10,854710,N/A,"Contributes to ubiquitin protein ligase activity. Involved in negative regulation of apoptotic process; negative regulation of gluconeogenesis; and proteasome-mediated ubiquitin-dependent protein catabolic process. Located in cytoplasm and nucleus. Part of GID complex. Orthologous to human MAEA (macrophage erythroblast attacher, E3 ubiquitin ligase). [provided by Alliance of Genome Resources, Jul 2025]",N/A,N/A
SGA1,854708,N/A,"Enables glucan 1,4-alpha-glucosidase activity. Involved in glycogen catabolic process. Located in fungal-type vacuole. [provided by Alliance of Genome Resources, Jul 2025]",N/A,N/A
PFK26,854699,N/A,"Enables 6-phosphofructo-2-kinase activity. Involved in fructose 2,6-bisphosphate metabolic process. Predicted to be located in cytoplasm. Predicted to be active in cytosol. [provided by Alliance of Genome Resources, Jul 2025]",N/A,N/A
YIL108W,854698,N/A,"Predicted to enable metallopeptidase activity and zinc ion binding activity. Predicted to act upstream of or within proteolysis. Located in cytoplasm. [provided by Alliance of Genome Resources, Apr 2025]",N/A,N/A
COX5B,854695,N/A,"Contributes to cytochrome-c oxidase activity and nitrite reductase (NO-forming) activity. Involved in mitochondrial electron transport, cytochrome c to oxygen. Located in mitochondrion. Part of respiratory chain complex IV. Human ortholog(s) of this gene implicated in mitochondrial complex IV deficiency nuclear type 16. Orthologous to human COX4I1 (cytochrome c oxidase subunit 4I1) and COX4I2 (cytochrome c oxidase subunit 4I2). [provided by Alliance of Genome Resources, Jul 2025]",N/A,N/A
SDP1,854693,N/A,"Enables MAP kinase tyrosine phosphatase activity and MAP kinase tyrosine/serine/threonine phosphatase activity. Involved in cell integrity MAPK cascade. Located in cytoplasm and nucleus. Orthologous to several human genes including DUSP14 (dual specificity phosphatase 14); DUSP18 (dual specificity phosphatase 18); and DUSP21 (dual specificity phosphatase 21). [provided by Alliance of Genome Resources, Jul 2025]",N/A,N/A
HIS5,854690,N/A,"Enables histidinol-phosphate transaminase activity. Involved in L-histidine biosynthetic process. Located in cytoplasm. [provided by Alliance of Genome Resources, Jul 2025]",N/A,N/A
QDR2,854685,N/A,"Enables monoatomic cation transmembrane transporter activity; threonine efflux transmembrane transporter activity; and xenobiotic transmembrane transporter activity. Involved in amino acid export across plasma membrane; copper ion export; and potassium ion import across plasma membrane. Located in cell periphery. Is active in plasma membrane. Orthologous to human MFSD10 (major facilitator superfamily domain containing 10). [provided by Alliance of Genome Resources, Jul 2025]",N/A,N/A
AYR1,854682,N/A,"Enables acylglycerone-phosphate reductase (NADP+) activity and triacylglycerol lipase activity. Involved in phosphatidic acid biosynthetic process and triglyceride catabolic process. Located in endoplasmic reticulum and lipid droplet. Orthologous to human RDH8 (retinol dehydrogenase 8). [provided by Alliance of Genome Resources, Jul 2025]",N/A,N/A
KGD1,854681,N/A,"Predicted to enable oxoglutarate dehydrogenase (succinyl-transferring) activity. Predicted to be involved in tricarboxylic acid cycle. Located in mitochondrial nucleoid. Part of oxoglutarate dehydrogenase complex. Human ortholog(s) of this gene implicated in Yoon-Bellen neurodevelopmental syndrome and oxoglutarate dehydrogenase deficiency. Orthologous to human OGDH (oxoglutarate dehydrogenase) and OGDHL (oxoglutarate dehydrogenase L). [provided by Alliance of Genome Resources, Jul 2025]",N/A,N/A
VHS2,854671,N/A,"Involved in cellular bud neck septin ring organization; cellular response to heat; and establishment or maintenance of actin cytoskeleton polarity. Located in cytoplasm. [provided by Alliance of Genome Resources, Jul 2025]",N/A,N/A
OM45,854670,N/A,"Located in mitochondrial outer membrane. [provided by Alliance of Genome Resources, Jul 2025]",N/A,N/A
GUT2,854651,N/A,"Enables glycerol-3-phosphate dehydrogenase (quinone) activity. Involved in glycerol metabolic process. Located in mitochondrial outer membrane. Human ortholog(s) of this gene implicated in type 2 diabetes mellitus. Orthologous to human GPD2 (glycerol-3-phosphate dehydrogenase 2). [provided by Alliance of Genome Resources, Jul 2025]",N/A,N/A
YIL166C,854640,N/A,"Enables organic acid transmembrane transporter activity; organic anion transmembrane transporter activity; and sulfate transmembrane transporter activity. Involved in several processes, including inorganic anion transmembrane transport; organic acid transport; and organic anion transport. Located in cell periphery and fungal-type vacuole. [provided by Alliance of Genome Resources, Jul 2025]",N/A,N/A
HXT12,854636,N/A,"Predicted to enable transmembrane transporter activity. Predicted to act upstream of or within transmembrane transport. Predicted to be located in membrane. [provided by Alliance of Genome Resources, Apr 2025]",N/A,N/A
YIL171W,2827704,N/A,"Predicted to enable transmembrane transporter activity. Predicted to act upstream of or within transmembrane transport. Predicted to be located in plasma membrane. [provided by Alliance of Genome Resources, Apr 2025]",N/A,N/A
IMA3,854635,N/A,"Enables oligo-1,6-glucosidase activity and sucrose alpha-glucosidase activity. Involved in disaccharide catabolic process. Located in cytoplasm. Human ortholog(s) of this gene implicated in cystinuria. Orthologous to human SLC3A1 (solute carrier family 3 member 1). [provided by Alliance of Genome Resources, Jul 2025]",N/A,N/A
YIL174W,854633,N/A,N/A,N/A,N/A
PAU14,854631,N/A,"Predicted to be a structural constituent of cell wall. Predicted to be involved in fungal-type cell wall organization. Predicted to be active in fungal-type cell wall. [provided by Alliance of Genome Resources, Jul 2025]",N/A,N/A
EGH1,854824,N/A,"Enables steryl-beta-glucosidase activity. Involved in ergosteryl 3-beta-D-glucoside catabolic process. Located in cytosol. [provided by Alliance of Genome Resources, Jul 2025]",N/A,N/A
YIR014W,854831,N/A,"Located in endoplasmic reticulum and fungal-type vacuole. Part of Dsc E3 ubiquitin ligase complex. [provided by Alliance of Genome Resources, Apr 2025]",N/A,N/A
MET28,854834,N/A,"Enables RNA polymerase II-specific DNA-binding transcription factor binding activity. Involved in regulation of sulfur amino acid metabolic process and regulation of transcription by RNA polymerase II. Located in nucleus. Part of Cbf1-Met4-Met28 complex. [provided by Alliance of Genome Resources, Jul 2025]",N/A,N/A
DAL4,854846,N/A,"Enables allantoin:proton symporter activity. Involved in allantoin catabolic process and allantoin transport. Located in fungal-type vacuole. [provided by Alliance of Genome Resources, Jul 2025]",N/A,N/A
GTT1,854856,N/A,"Enables glutathione peroxidase activity and glutathione transferase activity. Involved in glutathione metabolic process and protein glutathionylation. Located in endoplasmic reticulum. [provided by Alliance of Genome Resources, Jul 2025]",N/A,N/A
YPS6,854857,N/A,"Predicted to enable aspartic-type endopeptidase activity. Involved in fungal-type cell wall organization. Located in fungal-type cell wall. [provided by Alliance of Genome Resources, Jul 2025]",N/A,N/A
YIR043C,854861,N/A,N/A,N/A,N/A
PRE3,853456,N/A,"Enables endopeptidase activity. Involved in proteasomal ubiquitin-independent protein catabolic process and proteasome-mediated ubiquitin-dependent protein catabolic process. Located in proteasome storage granule. Part of proteasome core complex, beta-subunit complex. Human ortholog(s) of this gene implicated in autoimmune disease (multiple); lymphoma; and renal cell carcinoma. Orthologous to several human genes including PSMB6 (proteasome 20S subunit beta 6). [provided by Alliance of Genome Resources, Jul 2025]",N/A,N/A
COX16,853454,N/A,"Involved in mitochondrial cytochrome c oxidase assembly. Located in mitochondrial inner membrane. Human ortholog(s) of this gene implicated in mitochondrial complex IV deficiency nuclear type 22. Orthologous to human COX16 (cytochrome c oxidase assembly factor COX16). [provided by Alliance of Genome Resources, Jul 2025]",N/A,N/A
CYR1,853452,N/A,"Enables adenylate cyclase activity. Involved in Ras protein signal transduction and adenylate cyclase-modulating G protein-coupled receptor signaling pathway. Located in endoplasmic reticulum membrane; mitochondrion; and plasma membrane. Orthologous to human PHLPP1 (PH domain and leucine rich repeat protein phosphatase 1) and PHLPP2 (PH domain and leucine rich repeat protein phosphatase 2). [provided by Alliance of Genome Resources, Jul 2025]",N/A,N/A
YJL016W,853436,N/A,"Located in cytoplasm. [provided by Alliance of Genome Resources, Jul 2025]",N/A,N/A
BBC1,853433,N/A,"Enables myosin I tail binding activity. Involved in actin cytoskeleton organization and negative regulation of Arp2/3 complex-mediated actin nucleation. Is active in actin cortical patch. [provided by Alliance of Genome Resources, Jul 2025]",N/A,N/A
MAD2,853422,N/A,"Involved in mitotic DNA integrity checkpoint signaling; mitotic spindle assembly checkpoint signaling; and positive regulation of protein autoubiquitination. Located in kinetochore. Part of mitotic checkpoint complex. Orthologous to human MAD2L1 (mitotic arrest deficient 2 like 1). [provided by Alliance of Genome Resources, Jul 2025]",N/A,N/A
BET4,853421,N/A,"Enables Rab geranylgeranyltransferase activity. Involved in endoplasmic reticulum to Golgi vesicle-mediated transport; protein geranylgeranylation; and protein targeting to membrane. Located in peroxisome. Part of Rab-protein geranylgeranyltransferase complex. Orthologous to human RABGGTA (Rab geranylgeranyltransferase subunit alpha). [provided by Alliance of Genome Resources, Jul 2025]",N/A,N/A
KAR2,853418,N/A,"Enables ATP hydrolysis activity and unfolded protein binding activity. Involved in several processes, including fungal-type cell wall beta-glucan biosynthetic process; intracellular protein transmembrane transport; and karyogamy involved in conjugation with cellular fusion. Located in endoplasmic reticulum. Part of luminal surveillance complex. Human ortholog(s) of this gene implicated in dopamine beta-hydroxylase deficiency. Orthologous to human HSPA5 (heat shock protein family A (Hsp70) member 5). [provided by Alliance of Genome Resources, Jul 2025]",N/A,N/A
SNX4,853416,N/A,"Enables phosphatidylinositol-3-phosphate binding activity. Involved in several processes, including endosomal transport; piecemeal microautophagy of the nucleus; and protein localization to organelle. Acts upstream of or within glycophagy. Located in several cellular components, including early endosome; perinuclear region of cytoplasm; and phagophore assembly site. Orthologous to human SNX7 (sorting nexin 7) and SNX30 (sorting nexin family member 30). [provided by Alliance of Genome Resources, Apr 2025]",N/A,N/A
MHP1,853408,N/A,"A structural constituent of cytoskeleton. Involved in fungal-type cell wall organization and negative regulation of microtubule depolymerization. Located in microtubule. [provided by Alliance of Genome Resources, Jul 2025]",N/A,N/A
YJL045W,853405,N/A,"Enables succinate dehydrogenase (quinone) activity. Involved in cellular respiration. Located in mitochondrion. Human ortholog(s) of this gene implicated in Leigh disease; dilated cardiomyopathy 1GG; lung non-small cell carcinoma; mitochondrial complex II deficiency; and paraganglioma. Orthologous to human SDHA (succinate dehydrogenase complex flavoprotein subunit A). [provided by Alliance of Genome Resources, Jul 2025]",N/A,N/A
YJL047C-A,1466468,N/A,N/A,N/A,N/A
UBX6,853399,N/A,"Involved in sporulation resulting in formation of a cellular spore and ubiquitin-dependent protein catabolic process. Located in nucleus. Orthologous to human UBXN4 (UBX domain protein 4). [provided by Alliance of Genome Resources, Jul 2025]",N/A,N/A
TDH1,853395,N/A,"Enables glyceraldehyde-3-phosphate dehydrogenase (NAD+) (phosphorylating) activity and melatonin binding activity. Involved in gluconeogenesis and glycolytic process. Located in several cellular components, including fungal-type cell wall; lipid droplet; and mitochondrion. Human ortholog(s) of this gene implicated in Alzheimer's disease. Orthologous to several human genes including GAPDH (glyceraldehyde-3-phosphate dehydrogenase). [provided by Alliance of Genome Resources, Jul 2025]",N/A,N/A
PEP8,853393,N/A,"Enables protein transporter activity. Involved in protein retention in Golgi apparatus and retrograde transport, endosome to Golgi. Located in endosome. Part of retromer, cargo-selective complex. Human ortholog(s) of this gene implicated in diabetic retinopathy and type 2 diabetes mellitus. Orthologous to human VPS26A (VPS26 retromer complex component A) and VPS26B (VPS26 retromer complex component B). [provided by Alliance of Genome Resources, Jul 2025]",N/A,N/A
YJL055W,853391,N/A,"Predicted to enable cytokinin riboside 5'-monophosphate phosphoribohydrolase activity. Involved in response to purine-containing compound. Located in cytoplasm and nucleus. [provided by Alliance of Genome Resources, Jul 2025]",N/A,N/A
IKS1,853389,N/A,"Enables protein kinase activity. Involved in protein phosphorylation. Predicted to be active in cytoplasm and nucleus. Human ortholog(s) of this gene implicated in Alzheimer's disease; Huntington's disease; Parkinson's disease; dystonia 33; and hepatitis B. Orthologous to human EIF2AK2 (eukaryotic translation initiation factor 2 alpha kinase 2). [provided by Alliance of Genome Resources, Jul 2025]",N/A,N/A
BNA3,853386,N/A,"Enables 2-aminoadipate transaminase activity and kynurenine-oxoglutarate transaminase activity. Involved in kynurenic acid biosynthetic process. Located in mitochondrion. Orthologous to several human genes including KYAT1 (kynurenine aminotransferase 1). [provided by Alliance of Genome Resources, Jul 2025]",N/A,N/A
MPM1,853379,N/A,"Located in mitochondrial intermembrane space. [provided by Alliance of Genome Resources, Jul 2025]",N/A,N/A
YJL070C,853375,N/A,"Located in mitochondrion. Human ortholog(s) of this gene implicated in congestive heart failure; coronary artery disease; hereditary spastic paraplegia 63; and pontocerebellar hypoplasia type 9. Orthologous to human AMPD1 (adenosine monophosphate deaminase 1); AMPD2 (adenosine monophosphate deaminase 2); and AMPD3 (adenosine monophosphate deaminase 3). [provided by Alliance of Genome Resources, Jul 2025]",N/A,N/A
JEM1,853372,N/A,"Enables protein-folding chaperone binding activity and unfolded protein binding activity. Involved in ERAD pathway; karyogamy involved in conjugation with cellular fusion; and protein folding in endoplasmic reticulum. Located in endoplasmic reticulum and nuclear outer membrane-endoplasmic reticulum membrane network. [provided by Alliance of Genome Resources, Jul 2025]",N/A,N/A
PRY1,853366,N/A,"Enables cholesterol binding activity; fatty acid binding activity; and magnesium ion binding activity. Involved in fatty acid transport and sterol transport. Located in extracellular region. Orthologous to human GLIPR2 (GLI pathogenesis related 2). [provided by Alliance of Genome Resources, Apr 2025]",N/A,N/A
IML2,853363,N/A,"Involved in cellular response to misfolded protein. Located in mitochondrial outer membrane and nucleus. Orthologous to several human genes including TTC39C (tetratricopeptide repeat domain 39C). [provided by Alliance of Genome Resources, Jul 2025]",N/A,N/A
TAX4,853362,N/A,"Involved in autophagy; cellular response to starvation; and fungal-type cell wall organization. Located in phagophore assembly site. [provided by Alliance of Genome Resources, Jul 2025]",N/A,N/A
SIP4,853356,N/A,"Enables DNA-binding transcription activator activity, RNA polymerase II-specific and RNA polymerase II cis-regulatory region sequence-specific DNA binding activity. Involved in negative regulation of invasive growth in response to glucose limitation; positive regulation of gluconeogenesis; and positive regulation of transcription by RNA polymerase II. Located in nucleus. [provided by Alliance of Genome Resources, Jul 2025]",N/A,N/A
GWT1,853354,N/A,"Enables glucosaminyl-phosphatidylinositol O-acyltransferase activity. Involved in GPI anchor biosynthetic process. Located in membrane. Human ortholog(s) of this gene implicated in hyperphosphatasia with impaired intellectual development syndrome 5. Orthologous to human PIGW (phosphatidylinositol glycan anchor biosynthesis class W). [provided by Alliance of Genome Resources, Jul 2025]",N/A,N/A
KHA1,853351,N/A,"Enables potassium:proton antiporter activity. Involved in inorganic cation transmembrane transport. Located in Golgi apparatus. [provided by Alliance of Genome Resources, Jul 2025]",N/A,N/A
MEF2,853342,N/A,"Predicted to enable GTPase activity. Involved in mitochondrial genome maintenance and regulation of mitochondrial membrane potential. Located in cytosol and mitochondrion. Human ortholog(s) of this gene implicated in combined oxidative phosphorylation deficiency 39. Orthologous to human GFM2 (GTP dependent ribosome recycling factor mitochondrial 2). [provided by Alliance of Genome Resources, Jul 2025]",N/A,N/A
IME2,853338,N/A,"Enables protein kinase activity. Involved in regulation of meiotic nuclear division. Located in nucleus. Human ortholog(s) of this gene implicated in endocrine-cerebro-osteodysplasia syndrome; juvenile myoclonic epilepsy 10; and retinitis pigmentosa 62. Orthologous to human CILK1 (ciliogenesis associated kinase 1) and MAK (male germ cell associated kinase). [provided by Alliance of Genome Resources, Jul 2025]",N/A,N/A
YJL132W,853309,N/A,"Predicted to enable glycosylphosphatidylinositol phospholipase D activity. Located in membrane. Orthologous to human GPLD1 (glycosylphosphatidylinositol specific phospholipase D1). [provided by Alliance of Genome Resources, Jul 2025]",N/A,N/A
YJL133C-A,1466465,N/A,"Located in mitochondrion. [provided by Alliance of Genome Resources, Jul 2025]",N/A,N/A
YAK1,853300,N/A,"Enables protein serine/threonine kinase activity and protein tyrosine kinase activity. Involved in cAMP/PKA signal transduction. Located in cytoplasm and nucleus. Orthologous to human HIPK4 (homeodomain interacting protein kinase 4). [provided by Alliance of Genome Resources, Jul 2025]",N/A,N/A
YJL144W,853297,N/A,"Enables ubiquitin-protein transferase regulator activity. Involved in cellular response to water deprivation and stress-induced homeostatically regulated protein degradation pathway. Located in cytoplasm. [provided by Alliance of Genome Resources, Jul 2025]",N/A,N/A
SNA3,853290,N/A,"Enables ubiquitin protein ligase binding activity. Involved in endosome transport via multivesicular body sorting pathway and protein catabolic process. Located in fungal-type vacuole lumen. [provided by Alliance of Genome Resources, Jul 2025]",N/A,N/A
INO1,853288,N/A,"Enables inositol-3-phosphate synthase activity. Involved in inositol biosynthetic process. Located in cytoplasm. Orthologous to human ISYNA1 (inositol-3-phosphate synthase 1). [provided by Alliance of Genome Resources, Jul 2025]",N/A,N/A
VPS35,853287,N/A,"Contributes to cargo adaptor activity. Involved in protein retention in Golgi apparatus and retrograde transport, endosome to Golgi. Located in endosome and fungal-type vacuole membrane. Part of retromer, cargo-selective complex. Used to study Parkinson's disease. Human ortholog(s) of this gene implicated in Parkinson's disease and Parkinson's disease 17. Orthologous to human VPS35 (VPS35 retromer complex component). [provided by Alliance of Genome Resources, Jul 2025]",N/A,N/A
FBP26,853286,N/A,"Enables fructose-2,6-bisphosphate 2-phosphatase activity. Involved in glucose metabolic process. Located in cytoplasm. Orthologous to several human genes including PFKFB2 (6-phosphofructo-2-kinase/fructose-2,6-biphosphatase 2) and PFKFB4 (6-phosphofructo-2-kinase/fructose-2,6-biphosphatase 4). [provided by Alliance of Genome Resources, Jul 2025]",N/A,N/A
FMP33,853279,N/A,"Located in mitochondrion. [provided by Alliance of Genome Resources, Jul 2025]",N/A,N/A
YJL163C,853276,N/A,"Predicted to enable transmembrane transporter activity. Predicted to be involved in transmembrane transport. Located in fungal-type vacuole membrane. Human ortholog(s) of this gene implicated in hereditary folate malabsorption. Orthologous to human SLC46A1 (solute carrier family 46 member 1); SLC46A2 (solute carrier family 46 member 2); and SLC46A3 (solute carrier family 46 member 3). [provided by Alliance of Genome Resources, Jul 2025]",N/A,N/A
TPK1,853275,N/A,"Enables cAMP-dependent protein kinase activity. Involved in several processes, including intracellular signal transduction; negative regulation of cytoplasmic mRNA processing body assembly; and protein import into nucleus. Located in chromatin; cytoplasm; and nucleus. Part of cAMP-dependent protein kinase complex. Human ortholog(s) of this gene implicated in adrenal cortical adenoma; congestive heart failure; fibrolamellar carcinoma; platelet-type bleeding disorder 19; and primary pigmented nodular adrenocortical disease 4. Orthologous to several human genes including PRKACA (protein kinase cAMP-activated catalytic subunit alpha); PRKACB (protein kinase cAMP-activated catalytic subunit beta); and PRKACG (protein kinase cAMP-activated catalytic subunit gamma). [provided by Alliance of Genome Resources, Jul 2025]",N/A,N/A
HAL5,853274,N/A,"Enables protein kinase activity. Involved in intracellular monoatomic cation homeostasis; positive regulation of endocytosis; and protein localization. Located in plasma membrane. [provided by Alliance of Genome Resources, Jul 2025]",N/A,N/A
TOH1,853268,N/A,"Predicted to enable hydrolase activity, acting on glycosyl bonds. Predicted to act upstream of or within cell wall organization. Located in fungal-type cell wall. [provided by Alliance of Genome Resources, Apr 2025]",N/A,N/A
MBB1,853240,N/A,N/A,N/A,N/A
HXT9,853236,N/A,"Enables hexose transmembrane transporter activity. Involved in hexose transmembrane transport. Located in cell periphery and fungal-type vacuole. [provided by Alliance of Genome Resources, Jul 2025]",N/A,N/A
IMA4,853235,N/A,"Enables oligo-1,6-glucosidase activity. Involved in disaccharide catabolic process. Human ortholog(s) of this gene implicated in cystinuria. Orthologous to human SLC3A1 (solute carrier family 3 member 1). [provided by Alliance of Genome Resources, Jul 2025]",N/A,N/A
PAU1,853232,N/A,"Predicted to be a structural constituent of cell wall. Predicted to be involved in fungal-type cell wall organization. Located in fungal-type vacuole. [provided by Alliance of Genome Resources, Jul 2025]",N/A,N/A
TDH2,853465,N/A,"Enables glyceraldehyde-3-phosphate dehydrogenase (NAD+) (phosphorylating) activity; melatonin binding activity; and promoter-specific chromatin binding activity. Involved in several processes, including gluconeogenesis; glycolytic process; and reactive oxygen species metabolic process. Located in several cellular components, including fungal-type cell wall; lipid droplet; and mitochondrion. Human ortholog(s) of this gene implicated in Alzheimer's disease. Orthologous to several human genes including GAPDH (glyceraldehyde-3-phosphate dehydrogenase). [provided by Alliance of Genome Resources, Jul 2025]",N/A,N/A
REC107,853478,N/A,"Involved in reciprocal meiotic recombination. Located in condensed nuclear chromosome. [provided by Alliance of Genome Resources, Jul 2025]",N/A,N/A
LSM8,853479,N/A,"Contributes to RNA binding activity. Involved in mRNA splicing, via spliceosome. Located in nucleolus. Part of U4/U6 x U5 tri-snRNP complex and U6 snRNP. Orthologous to human LSM8 (LSM8 homolog, U6 small nuclear RNA associated). [provided by Alliance of Genome Resources, Jul 2025]",N/A,N/A
BNA1,853482,N/A,"Enables 3-hydroxyanthranilate 3,4-dioxygenase activity. Involved in 'de novo' NAD biosynthetic process from L-tryptophan. Located in cytoplasm. Orthologous to human HAAO (3-hydroxyanthranilate 3,4-dioxygenase). [provided by Alliance of Genome Resources, Apr 2025]",N/A,N/A
YJR027W,853484,N/A,"Predicted to enable several functions, including DNA polymerase activity; RNA nuclease activity; and peptidase activity. Predicted to be involved in retrotransposition. Predicted to act upstream of or within several processes, including DNA metabolic process; transposition; and viral translational frameshifting. Located in nucleus. [provided by Alliance of Genome Resources, Apr 2025]",N/A,N/A
YJR029W,853486,N/A,"Predicted to enable several functions, including DNA polymerase activity; RNA nuclease activity; and peptidase activity. Predicted to be involved in retrotransposition. Predicted to act upstream of or within several processes, including DNA metabolic process; transposition; and viral translational frameshifting. Located in nucleus. [provided by Alliance of Genome Resources, Apr 2025]",N/A,N/A
RAV1,853490,N/A,"Involved in early endosome to late endosome transport; regulation of protein-containing complex assembly; and vacuolar acidification. Located in cytoplasm. Part of RAVE complex. Human ortholog(s) of this gene implicated in autosomal dominant nonsyndromic deafness 71 and developmental and epileptic encephalopathy 81. Orthologous to human DMXL1 (Dmx like 1) and DMXL2 (Dmx like 2). [provided by Alliance of Genome Resources, Jul 2025]",N/A,N/A
HUL4,853494,N/A,"Predicted to enable ubiquitin protein ligase activity. Predicted to be involved in protein ubiquitination. Predicted to act upstream of or within protein polyubiquitination. Located in prospore membrane. Part of TRAMP complex. Human ortholog(s) of this gene implicated in Angelman syndrome. Orthologous to several human genes including HECTD2 (HECT domain E3 ubiquitin protein ligase 2). [provided by Alliance of Genome Resources, Apr 2025]",N/A,N/A
YJR039W,853495,N/A,"Located in mitochondrion. [provided by Alliance of Genome Resources, Jul 2025]",N/A,N/A
PTK2,853522,N/A,"Enables protein kinase activity. Involved in G1/S transition of mitotic cell cycle; intracellular monoatomic ion homeostasis; and polyamine transport. Located in cytoplasm; nucleus; and plasma membrane. [provided by Alliance of Genome Resources, Jul 2025]",N/A,N/A
OPI3,853536,N/A,"Enables phosphatidyl-N-methylethanolamine N-methyltransferase activity. Involved in phosphatidylcholine biosynthetic process. Located in cell periphery; endoplasmic reticulum; and mitochondrion. Orthologous to human PEMT (phosphatidylethanolamine N-methyltransferase). [provided by Alliance of Genome Resources, Jul 2025]",N/A,N/A
MOG1,853537,N/A,"Enables small GTPase binding activity. Involved in protein import into nucleus. Located in nucleus. Orthologous to human RANGRF (RAN guanine nucleotide release factor). [provided by Alliance of Genome Resources, Jul 2025]",N/A,N/A
BNA2,853541,N/A,"Enables indoleamine 2,3-dioxygenase activity. Involved in 'de novo' NAD biosynthetic process from L-tryptophan. Located in cytoplasm. Orthologous to human IDO1 (indoleamine 2,3-dioxygenase 1) and IDO2 (indoleamine 2,3-dioxygenase 2). [provided by Alliance of Genome Resources, Apr 2025]",N/A,N/A
JSN1,853553,N/A,"Enables mRNA binding activity. Involved in establishment of mitochondrion localization; nuclear-transcribed mRNA catabolic process, deadenylation-dependent decay; and protein-containing complex localization. Located in cytoplasmic side of mitochondrial outer membrane and fungal-type cell wall. [provided by Alliance of Genome Resources, Jul 2025]",N/A,N/A
YJR096W,853559,N/A,"Enables aldose reductase (NADPH) activity. Involved in D-xylose catabolic process; arabinose catabolic process; and cellular response to oxidative stress. Located in cytoplasm and nucleus. Human ortholog(s) of this gene implicated in several diseases, including 46,XY sex reversal 8; alcohol dependence; congenital bile acid synthesis defect 2; leukemia (multiple); and type 2 diabetes mellitus. Orthologous to several human genes including AKR1B1 (aldo-keto reductase family 1 member B); AKR1B10 (aldo-keto reductase family 1 member B10); and AKR1B15 (aldo-keto reductase family 1 member B15). [provided by Alliance of Genome Resources, Jul 2025]",N/A,N/A
YJR098C,853561,N/A,"Predicted to enable O-acyltransferase activity. Predicted to be involved in lipid metabolic process. Located in mitochondrion. [provided by Alliance of Genome Resources, Jul 2025]",N/A,N/A
URA8,853567,N/A,"Enables CTP synthase activity. Involved in CTP biosynthetic process. Located in cytoophidium. Human ortholog(s) of this gene implicated in immunodeficiency 24. Orthologous to human CTPS1 (CTP synthase 1) and CTPS2 (CTP synthase 2). [provided by Alliance of Genome Resources, Jul 2025]",N/A,N/A
LIH1,853571,N/A,"Predicted to enable lipase activity. Predicted to act upstream of or within lipid catabolic process. [provided by Alliance of Genome Resources, Apr 2025]",N/A,N/A
CPA2,853573,N/A,"Contributes to carbamoyl-phosphate synthase (glutamine-hydrolyzing) activity. Involved in L-arginine biosynthetic process. Part of carbamoyl-phosphate synthase complex. Human ortholog(s) of this gene implicated in carbamoyl phosphate synthetase I deficiency disease; persistent fetal circulation syndrome; and vascular disease. Orthologous to human CPS1 (carbamoyl-phosphate synthase 1). [provided by Alliance of Genome Resources, Jul 2025]",N/A,N/A
YMR1,853574,N/A,"Enables mRNA binding activity and phosphatidylinositol-3-phosphate phosphatase activity. Involved in phosphatidylinositol dephosphorylation. Located in cytoplasm. Used to study Charcot-Marie-Tooth disease and centronuclear myopathy X-linked. Human ortholog(s) of this gene implicated in Charcot-Marie-Tooth disease type 4B1; centronuclear myopathy X-linked; and congenital structural myopathy. Orthologous to several human genes including MTMR7 (myotubularin related protein 7) and MTMR8 (myotubularin related protein 8). [provided by Alliance of Genome Resources, Jul 2025]",N/A,N/A
TDA4,853580,N/A,"Predicted to be involved in lipid homeostasis. Located in endoplasmic reticulum. Orthologous to human TLCD4 (TLC domain containing 4). [provided by Alliance of Genome Resources, Jul 2025]",N/A,N/A
STE24,853581,N/A,"Enables metalloendopeptidase activity. Involved in several processes, including negative regulation of post-translational protein targeting to membrane, translocation; post-translational protein targeting to membrane, translocation; and protein maturation. Located in endoplasmic reticulum membrane and nuclear inner membrane. Used to study metabolic dysfunction-associated steatotic liver disease; progeria; restrictive dermopathy; and type 2 diabetes mellitus. Human ortholog(s) of this gene implicated in mandibuloacral dysplasia type B lipodystrophy; progeria; restrictive dermopathy; and restrictive dermopathy 1. Orthologous to human ZMPSTE24 (zinc metallopeptidase STE24). [provided by Alliance of Genome Resources, Jul 2025]",N/A,N/A
ILM1,853582,N/A,"Involved in mitochondrial genome maintenance. Located in endoplasmic reticulum. [provided by Alliance of Genome Resources, Jul 2025]",N/A,N/A
JHD2,853583,N/A,"Enables histone H3K4 demethylase activity. Involved in several processes, including antisense RNA transcript catabolic process; rDNA heterochromatin formation; and regulation of transcription by RNA polymerase II. Located in cytoplasm and nucleus. Human ortholog(s) of this gene implicated in ankylosing spondylitis; breast cancer; descending colon cancer; high grade glioma; and intellectual disability (multiple). Orthologous to several human genes including KDM5A (lysine demethylase 5A); KDM5B (lysine demethylase 5B); and KDM5C (lysine demethylase 5C). [provided by Alliance of Genome Resources, Jul 2025]",N/A,N/A
ENT3,853589,N/A,"Enables clathrin binding activity; phosphatidylinositol-3,5-bisphosphate binding activity; and phosphatidylinositol-3-phosphate binding activity. Involved in actin cytoskeleton organization; cytosolic transport; and late endosome to vacuole transport via multivesicular body sorting pathway. Located in endosome. Part of clathrin vesicle coat. Orthologous to human CLINT1 (clathrin interactor 1). [provided by Alliance of Genome Resources, Jul 2025]",N/A,N/A
RSF2,853592,N/A,"Enables sequence-specific DNA binding activity. Involved in regulation of DNA-templated transcription. Located in cytoplasm and nucleus. [provided by Alliance of Genome Resources, Jul 2025]",N/A,N/A
DAN4,853616,N/A,"Predicted to be a structural constituent of cell wall. Predicted to be involved in fungal-type cell wall organization. Located in fungal-type cell wall. [provided by Alliance of Genome Resources, Jul 2025]",N/A,N/A
AAD10,853620,N/A,"Predicted to enable aryl-alcohol dehydrogenase (NADP+) activity. Predicted to be involved in aldehyde metabolic process. Orthologous to human AKR7A2 (aldo-keto reductase family 7 member A2) and AKR7A3 (aldo-keto reductase family 7 member A3). [provided by Alliance of Genome Resources, Jul 2025]",N/A,N/A
THI11,853621,N/A,"Predicted to enable metal ion binding activity and transferase activity. Involved in thiamine biosynthetic process. [provided by Alliance of Genome Resources, Jul 2025]",N/A,N/A
SOR1,853624,N/A,"Enables L-iditol 2-dehydrogenase (NAD+) activity. Involved in hexose metabolic process. Human ortholog(s) of this gene implicated in autosomal recessive distal hereditary motor neuronopathy 8. Orthologous to human SORD (sorbitol dehydrogenase). [provided by Alliance of Genome Resources, Jul 2025]",N/A,N/A
MPH3,853625,N/A,"Predicted to enable carbohydrate:proton symporter activity and maltose transmembrane transporter activity. Involved in carbohydrate transport. Located in cell periphery and fungal-type vacuole. [provided by Alliance of Genome Resources, Jul 2025]",N/A,N/A
COS5,853626,N/A,"Involved in protein transport to vacuole involved in ubiquitin-dependent protein catabolic process via the multivesicular body sorting pathway. Located in endosome. [provided by Alliance of Genome Resources, Jul 2025]",N/A,N/A
HCS1,853852,N/A,"Enables 5'-3' DNA helicase activity. Involved in postreplication repair. Part of DNA helicase A complex and nuclear replisome. Used to study Charcot-Marie-Tooth disease axonal type 2S and autosomal recessive distal hereditary motor neuronopathy 1. Human ortholog(s) of this gene implicated in Charcot-Marie-Tooth disease axonal type 2S and autosomal recessive distal hereditary motor neuronopathy 1. Orthologous to human IGHMBP2 (immunoglobulin mu DNA binding protein 2). [provided by Alliance of Genome Resources, Jul 2025]",N/A,N/A
TUL1,853832,N/A,"Enables ubiquitin-protein transferase activity. Involved in protein ubiquitination and ubiquitin-dependent protein catabolic process via the multivesicular body sorting pathway. Located in Golgi apparatus. Part of Dsc E3 ubiquitin ligase complex. [provided by Alliance of Genome Resources, Apr 2025]",N/A,N/A
UGP1,853830,N/A,"Enables UTP:glucose-1-phosphate uridylyltransferase activity. Involved in UDP-alpha-D-glucose metabolic process and carbohydrate biosynthetic process. Located in cytoplasmic stress granule and plasma membrane. Used to study cancer. Human ortholog(s) of this gene implicated in developmental and epileptic encephalopathy 83. Orthologous to human UGP2 (UDP-glucose pyrophosphorylase 2). [provided by Alliance of Genome Resources, Jul 2025]",N/A,N/A
AIM26,853829,N/A,"Involved in autophagy of mitochondrion and macroautophagy. Located in mitochondrion. [provided by Alliance of Genome Resources, Jul 2025]",N/A,N/A
RGT1,853828,N/A,"Enables DNA-binding transcription activator activity, RNA polymerase II-specific and RNA polymerase II cis-regulatory region sequence-specific DNA binding activity. Involved in glucose metabolic process; negative regulation of transcription by RNA polymerase II; and positive regulation of transcription by RNA polymerase II. Located in nucleus. [provided by Alliance of Genome Resources, Jul 2025]",N/A,N/A
PHD1,853823,N/A,"Enables DNA-binding transcription factor activity. Involved in positive regulation of pseudohyphal growth and positive regulation of transcription by RNA polymerase II. Located in nucleus. [provided by Alliance of Genome Resources, Jul 2025]",N/A,N/A
ANR2,853819,N/A,"Located in lipid droplet. Orthologous to human DENND11 (DENN domain containing 11). [provided by Alliance of Genome Resources, Jul 2025]",N/A,N/A
YET1,853800,N/A,"Predicted to be involved in endoplasmic reticulum to Golgi vesicle-mediated transport and protein localization to endoplasmic reticulum exit site. Predicted to act upstream of or within intracellular protein transport and vesicle-mediated transport. Located in endoplasmic reticulum. Orthologous to human BCAP29 (B cell receptor associated protein 29). [provided by Alliance of Genome Resources, Apr 2025]",N/A,N/A
LHS1,853789,N/A,"Enables ATP binding activity; adenyl-nucleotide exchange factor activity; and unfolded protein binding activity. Involved in post-translational protein targeting to membrane, translocation and response to unfolded protein. Located in endoplasmic reticulum lumen. Human ortholog(s) of this gene implicated in immunodeficiency 59. Orthologous to human HYOU1 (hypoxia up-regulated 1). [provided by Alliance of Genome Resources, Jul 2025]",N/A,N/A
MDH1,853777,N/A,"Enables L-malate dehydrogenase (NAD+) activity and mRNA binding activity. Involved in tricarboxylic acid cycle. Located in mitochondrial matrix. Used to study developmental and epileptic encephalopathy 51. Human ortholog(s) of this gene implicated in developmental and epileptic encephalopathy 51. Orthologous to human MDH2 (malate dehydrogenase 2). [provided by Alliance of Genome Resources, Jul 2025]",N/A,N/A
YKL091C,853771,N/A,"Enables phosphatidylcholine binding activity and phosphatidylinositol binding activity. Predicted to be involved in post-Golgi vesicle-mediated transport. Located in nucleus. Orthologous to several human genes including SEC14L2 (SEC14 like lipid binding 2); SEC14L3 (SEC14 like lipid binding 3); and SEC14L4 (SEC14 like lipid binding 4). [provided by Alliance of Genome Resources, Jul 2025]",N/A,N/A
MBR1,853769,N/A,"Involved in aerobic respiration. Predicted to be located in mitochondrion. [provided by Alliance of Genome Resources, Jul 2025]",N/A,N/A
YJU3,853768,N/A,"Enables monoacylglycerol lipase activity. Involved in triglyceride metabolic process. Located in lipid droplet and membrane. Orthologous to human MGLL (monoglyceride lipase). [provided by Alliance of Genome Resources, Jul 2025]",N/A,N/A
YKL103C,853758,N/A,"Enables metalloaminopeptidase activity. Involved in cytoplasm to vacuole targeting by the Cvt pathway. Located in fungal-type vacuole. Part of Cvt complex. Orthologous to human DNPEP (aspartyl aminopeptidase). [provided by Alliance of Genome Resources, Jul 2025]",N/A,N/A
YKL107W,853753,N/A,"Enables aldehyde dehydrogenase (NAD+) activity. Involved in response to furfural. Located in endoplasmic reticulum. [provided by Alliance of Genome Resources, Jul 2025]",N/A,N/A
DGR2,853738,N/A,"Orthologous to human WDR44 (WD repeat domain 44). [provided by Alliance of Genome Resources, Jul 2025]",N/A,N/A
SSH4,853735,N/A,"Enables ubiquitin-like ligase-substrate adaptor activity. Involved in protein transport to vacuole involved in ubiquitin-dependent protein catabolic process via the multivesicular body sorting pathway. Located in fungal-type vacuole. [provided by Alliance of Genome Resources, Jul 2025]",N/A,N/A
MYO3,853729,N/A,"Predicted to enable actin filament binding activity and microfilament motor activity. Involved in actin cortical patch localization and positive regulation of Arp2/3 complex-mediated actin nucleation. Acts upstream of or within reticulophagy. Located in cell periphery. Human ortholog(s) of this gene implicated in focal segmental glomerulosclerosis 6. Orthologous to several human genes including MYO1E (myosin IE). [provided by Alliance of Genome Resources, Apr 2025]",N/A,N/A
RMA1,853727,N/A,"Predicted to enable dihydrofolate synthase activity and tetrahydrofolylpolyglutamate synthase activity. Predicted to be involved in folic acid-containing compound biosynthetic process. Predicted to act upstream of or within dihydrofolate biosynthetic process; one-carbon metabolic process; and tetrahydrofolylpolyglutamate biosynthetic process. Located in mitochondrion. [provided by Alliance of Genome Resources, Apr 2025]",N/A,N/A
YKL133C,853725,N/A,"Predicted to enable misfolded protein binding activity. Predicted to be involved in protein quality control for misfolded or incompletely synthesized proteins. Located in mitochondrion. [provided by Alliance of Genome Resources, Jul 2025]",N/A,N/A
TGL1,853717,N/A,"Enables sterol ester esterase activity. Involved in sterol metabolic process. Located in lipid droplet and membrane. Human ortholog(s) of this gene implicated in Wolman disease; autosomal recessive congenital ichthyosis 8; and cholesterol ester storage disease. Orthologous to several human genes including LIPA (lipase A, lysosomal acid type); LIPF (lipase F, gastric type); and LIPJ (lipase family member J). [provided by Alliance of Genome Resources, Jul 2025]",N/A,N/A
MRP8,853715,N/A,"Located in cytoplasm. [provided by Alliance of Genome Resources, Jul 2025]",N/A,N/A
MCR1,853707,N/A,"Enables cytochrome-b5 reductase activity, acting on NAD(P)H. Involved in cellular response to oxidative stress and ergosterol biosynthetic process. Located in mitochondrial intermembrane space and mitochondrial outer membrane. Orthologous to human CYB5RL (cytochrome b5 reductase like). [provided by Alliance of Genome Resources, Jul 2025]",N/A,N/A
NNR2,853706,N/A,"Enables ATP-dependent NAD(P)H-hydrate dehydratase activity. Involved in nicotinamide nucleotide metabolic process. Located in cytoplasm. Orthologous to human NAXD (NAD(P)HX dehydratase). [provided by Alliance of Genome Resources, Jul 2025]",N/A,N/A
GPM1,853705,N/A,"Enables phosphoglycerate mutase activity. Involved in gluconeogenesis and glycolytic process. Located in cytosol and mitochondrial intermembrane space. Human ortholog(s) of this gene implicated in familial erythrocytosis 8 and myoglobinuria. Orthologous to several human genes including PGAM1 (phosphoglycerate mutase 1) and PGAM2 (phosphoglycerate mutase 2). [provided by Alliance of Genome Resources, Jul 2025]",N/A,N/A
YKL162C,853695,N/A,"Predicted to enable protein-arginine omega-N symmetric methyltransferase activity. Predicted to act upstream of or within chromatin remodeling and methylation. Located in mitochondrion. [provided by Alliance of Genome Resources, Apr 2025]",N/A,N/A
MCD4,853690,N/A,"Enables mannose-ethanolamine phosphotransferase activity. Involved in ATP transport and GPI anchor biosynthetic process. Located in endoplasmic reticulum; fungal-type cell wall; and fungal-type vacuole. Human ortholog(s) of this gene implicated in multiple congenital anomalies-hypotonia-seizures syndrome 1. Orthologous to human PIGN (phosphatidylinositol glycan anchor biosynthesis class N). [provided by Alliance of Genome Resources, Jul 2025]",N/A,N/A
KKQ8,853686,N/A,"Predicted to enable protein serine/threonine kinase activity. Predicted to be involved in intracellular monoatomic cation homeostasis. Predicted to act upstream of or within chromatin remodeling. Located in cytoplasm. [provided by Alliance of Genome Resources, Apr 2025]",N/A,N/A
NNK1,853683,N/A,"Enables protein kinase activity. Involved in proteolysis. Located in cytoplasm. [provided by Alliance of Genome Resources, Jul 2025]",N/A,N/A
STE3,853677,N/A,"Enables mating-type a-factor pheromone receptor activity. Involved in cytogamy and pheromone-dependent signal transduction involved in conjugation with cellular fusion. Located in plasma membrane. [provided by Alliance of Genome Resources, Jul 2025]",N/A,N/A
FAT3,853648,N/A,"Involved in long-chain fatty acid transport. Located in cell periphery and mitochondrion. [provided by Alliance of Genome Resources, Jul 2025]",N/A,N/A
HYM1,853646,N/A,"Predicted to enable protein serine/threonine kinase activator activity. Involved in budding cell apical bud growth; regulation of DNA-templated transcription; and septum digestion after cytokinesis. Located in cellular bud; incipient cellular bud site; and mating projection tip. Used to study cancer. Human ortholog(s) of this gene implicated in hepatocellular carcinoma. Orthologous to human CAB39 (calcium binding protein 39) and CAB39L (calcium binding protein 39 like). [provided by Alliance of Genome Resources, Jul 2025]",N/A,N/A
SDS22,853641,N/A,"Enables protein phosphatase activator activity and protein serine/threonine phosphatase inhibitor activity. Involved in chromosome segregation and maintenance of protein location in nucleus. Located in nucleus. Part of protein phosphatase type 1 complex. Orthologous to human PPP1R7 (protein phosphatase 1 regulatory subunit 7). [provided by Alliance of Genome Resources, Jul 2025]",N/A,N/A
ADD66,853629,N/A,"Involved in proteasome assembly. Located in cytosol. Human ortholog(s) of this gene implicated in proteosome-associated autoinflammatory syndrome 4. Orthologous to human PSMG2 (proteasome assembly chaperone 2). [provided by Alliance of Genome Resources, Jul 2025]",N/A,N/A
DOA1,853667,N/A,"Enables K48-linked polyubiquitin modification-dependent protein binding activity and ubiquitin binding activity. Involved in several processes, including double-strand break repair via nonhomologous end joining; mitochondria-associated ubiquitin-dependent protein catabolic process; and ribophagy. Located in cytoplasm and nucleus. Orthologous to human PLAA (phospholipase A2 activating protein). [provided by Alliance of Genome Resources, Jul 2025]",N/A,N/A
OXP1,853665,N/A,"Enables 5-oxoprolinase (ATP-hydrolyzing) activity. Involved in glutathione metabolic process. Located in cytoplasm. Orthologous to human OPLAH (5-oxoprolinase, ATP-hydrolysing). [provided by Alliance of Genome Resources, Jul 2025]",N/A,N/A
JEN1,853663,N/A,"Enables selenite:proton symporter activity. Involved in plasma membrane lactate transport; plasma membrane pyruvate transport; and plasma membrane selenite transport. Located in plasma membrane. [provided by Alliance of Genome Resources, Jul 2025]",N/A,N/A
OSH6,853872,N/A,"Enables phosphatidylinositol-3,4-bisphosphate binding activity; phospholipid binding activity; and sterol transfer activity. Involved in several processes, including maintenance of cell polarity; piecemeal microautophagy of the nucleus; and sterol homeostasis. Located in cortical endoplasmic reticulum. Orthologous to human OSBPL5 (oxysterol binding protein like 5) and OSBPL8 (oxysterol binding protein like 8). [provided by Alliance of Genome Resources, Jul 2025]",N/A,N/A
FOX2,853878,N/A,"Enables 3-hydroxyacyl-CoA dehydrogenase activity and enoyl-CoA hydratase activity. Involved in fatty acid beta-oxidation. Located in peroxisome. Used to study lipid metabolism disorder. Human ortholog(s) of this gene implicated in D-bifunctional protein deficiency; Perrault syndrome; and Stiff-Person syndrome. Orthologous to human HSD17B4 (hydroxysteroid 17-beta dehydrogenase 4). [provided by Alliance of Genome Resources, Apr 2025]",N/A,N/A
YKR011C,853881,N/A,"Involved in cellular response to nutrient levels. Is active in nucleus. [provided by Alliance of Genome Resources, Apr 2025]",N/A,N/A
PET10,853920,N/A,"Involved in aerobic respiration. Located in lipid droplet. [provided by Alliance of Genome Resources, Jul 2025]",N/A,N/A
FMP46,853923,N/A,"Predicted to enable oxidoreductase activity. Involved in negative regulation of transport. Located in mitochondrion. [provided by Alliance of Genome Resources, Jul 2025]",N/A,N/A
GLG1,853932,N/A,"Enables glycogenin glucosyltransferase activity. Involved in glycogen biosynthetic process. Predicted to be located in vacuole. Predicted to be active in cytoplasm. Human ortholog(s) of this gene implicated in glycogen storage disease and glycogen storage disease XV. Orthologous to human GYG1 (glycogenin 1). [provided by Alliance of Genome Resources, Jul 2025]",N/A,N/A
GPT2,853941,N/A,"Enables glycerol-3-phosphate O-acyltransferase activity and glycerone-phosphate O-acyltransferase activity. Involved in phospholipid biosynthetic process and regulation of triglyceride metabolic process. Located in endoplasmic reticulum and lipid droplet. [provided by Alliance of Genome Resources, Jul 2025]",N/A,N/A
ECM4,853951,N/A,"Enables glutathione transferase activity. Involved in glutathione metabolic process. Located in cytoplasm. [provided by Alliance of Genome Resources, Jul 2025]",N/A,N/A
TGL4,853964,N/A,"Enables lipase activity and lysophosphatidic acid acyltransferase activity. Involved in cell budding; phospholipid metabolic process; and triglyceride metabolic process. Located in lipid droplet. [provided by Alliance of Genome Resources, Jul 2025]",N/A,N/A
ESL2,853971,N/A,"Predicted to enable telomerase RNA binding activity and telomeric DNA binding activity. Predicted to be involved in nuclear-transcribed mRNA catabolic process, nonsense-mediated decay. Located in peroxisome. [provided by Alliance of Genome Resources, Jul 2025]",N/A,N/A
SDC25,850644,N/A,"Predicted to enable guanyl-nucleotide exchange factor activity. Predicted to act upstream of or within cell division and small GTPase-mediated signal transduction. [provided by Alliance of Genome Resources, Apr 2025]",N/A,N/A
YLL017W,2827706,N/A,"Predicted to act upstream of or within cell division. [provided by Alliance of Genome Resources, Apr 2025]",N/A,N/A
KNS1,850641,N/A,"Enables protein serine/threonine kinase activity and protein tyrosine kinase activity. Involved in negative regulation of transcription by RNA polymerase III. Located in cytoplasm and nucleus. Orthologous to several human genes including CLK1 (CDC like kinase 1); CLK2 (CDC like kinase 2); and CLK3 (CDC like kinase 3). [provided by Alliance of Genome Resources, Jul 2025]",N/A,N/A
POM33,850637,N/A,"Involved in nuclear pore localization and nuclear pore organization. Located in endoplasmic reticulum. Part of nuclear pore. Is active in nuclear envelope. Orthologous to human TMEM33 (transmembrane protein 33). [provided by Alliance of Genome Resources, Jul 2025]",N/A,N/A
SSA2,850636,N/A,"Enables ATP binding activity; tRNA binding activity; and unfolded protein binding activity. Involved in several processes, including SRP-dependent cotranslational protein targeting to membrane, translocation; proteasome-mediated ubiquitin-dependent protein catabolic process; and tRNA import into nucleus. Located in several cellular components, including fungal-type cell wall; fungal-type vacuole membrane; and mitochondrion. Is active in extracellular vesicle. Human ortholog(s) of this gene implicated in several diseases, including Kawasaki disease; artery disease (multiple); autoimmune disease of musculoskeletal system (multiple); neurodegenerative disease (multiple); and schizophrenia (multiple). Orthologous to several human genes including HSPA1L (heat shock protein family A (Hsp70) member 1 like); HSPA1A (heat shock protein family A (Hsp70) member 1A); and HSPA1B (heat shock protein family A (Hsp70) member 1B). [provided by Alliance of Genome Resources, Apr 2025]",N/A,N/A
HSP104,850633,N/A,"Enables several functions, including ATP hydrolysis activity; adenyl ribonucleotide binding activity; and unfolded protein binding activity. Involved in several processes, including cellular heat acclimation; protein folding; and protein unfolding. Located in cytoplasm and nuclear periphery. Part of TRC complex. Human ortholog(s) of this gene implicated in 3-methylglutaconic aciduria type 7a; 3-methylglutaconic aciduria type 7b; and severe congenital neutropenia. Orthologous to human CLPB (ClpB family mitochondrial disaggregase). [provided by Alliance of Genome Resources, Apr 2025]",N/A,N/A
FRA1,850630,N/A,"Predicted to enable metal ion binding activity and metalloaminopeptidase activity. Involved in cellular response to iron ion and negative regulation of transcription by RNA polymerase II. Located in cytosol. Human ortholog(s) of this gene implicated in acquired angioedema. Orthologous to several human genes including XPNPEP1 (X-prolyl aminopeptidase 1). [provided by Alliance of Genome Resources, Jul 2025]",N/A,N/A
UBI4,850620,N/A,"Enables protein tag activity. Involved in protein ubiquitination. Located in peroxisome. Orthologous to human UBC (ubiquitin C). [provided by Alliance of Genome Resources, Jul 2025]",N/A,N/A
VPS13,850619,N/A,"Enables phospholipid binding activity and phospholipid transfer activity. Involved in several processes, including protein retention in Golgi apparatus; reticulophagy; and vacuolar transport. Located in several cellular components, including nucleus-vacuole junction; prospore membrane; and vacuole-mitochondrion membrane contact site. Is active in organelle membrane contact site. Used to study Cohen syndrome and neurodegenerative disease (multiple). Human ortholog(s) of this gene implicated in Parkinson's disease 23; choreaacanthocytosis; and choreatic disease. Orthologous to human VPS13A (vacuolar protein sorting 13 homolog A) and VPS13C (vacuolar protein sorting 13 homolog C). [provided by Alliance of Genome Resources, Apr 2025]",N/A,N/A
YLL058W,850668,N/A,"Enables O-acetylhomoserine sulfhydrylase activity. Involved in sulfur compound metabolic process. Predicted to be located in cytoplasm. [provided by Alliance of Genome Resources, Jul 2025]",N/A,N/A
GTT2,850666,N/A,"Enables glutathione transferase activity. Involved in glutathione metabolic process. Located in mitochondrion. Human ortholog(s) of this gene implicated in several diseases, including autoimmune disease (multiple); cancer (multiple); cardiovascular system disease (multiple); eye disease (multiple); and lung disease (multiple). Orthologous to several human genes including GSTT1 (glutathione S-transferase theta 1); GSTT2 (glutathione S-transferase theta 2 (gene/pseudogene)); and GSTT2B (glutathione S-transferase theta 2B). [provided by Alliance of Genome Resources, Jul 2025]",N/A,N/A
YLR001C,850687,N/A,"Located in fungal-type vacuole membrane and mitochondrion. Human ortholog(s) of this gene implicated in congestive heart failure and corneal dystrophy (multiple). Orthologous to several human genes including POSTN (periostin). [provided by Alliance of Genome Resources, Jul 2025]",N/A,N/A
SSK1,850692,N/A,"Enables mitogen-activated protein kinase kinase kinase binding activity; phosphorelay response regulator activity; and protein kinase activator activity. Involved in several processes, including cellular response to acidic pH; cellular response to osmotic stress; and regulation of p38MAPK cascade. Is active in cytoplasm. [provided by Alliance of Genome Resources, Jul 2025]",N/A,N/A
TEN1,850696,N/A,"Enables single-stranded telomeric DNA binding activity; transcription elongation factor activity; and translation elongation factor binding activity. Involved in regulation of nucleobase-containing compound metabolic process and telomere maintenance. Part of CST complex. [provided by Alliance of Genome Resources, Jul 2025]",N/A,N/A
SMF3,850721,N/A,"Predicted to enable cadmium ion transmembrane transporter activity and manganese ion transmembrane transporter activity. Involved in intracellular iron ion homeostasis and iron ion transport. Located in fungal-type vacuole membrane. Human ortholog(s) of this gene implicated in several diseases, including anemia (multiple); autoimmune disease (multiple); inflammatory bowel disease (multiple); leishmaniasis (multiple); and tuberculosis (multiple). Orthologous to human SLC11A1 (solute carrier family 11 member 1) and SLC11A2 (solute carrier family 11 member 2). [provided by Alliance of Genome Resources, Apr 2025]",N/A,N/A
YLR035C-A,850724,N/A,"Predicted to enable RNA binding activity. Predicted to be involved in retrotransposition. Predicted to act upstream of or within several processes, including DNA metabolic process; transposition; and viral translational frameshifting. Located in nucleus. [provided by Alliance of Genome Resources, Apr 2025]",N/A,N/A
EMP46,850769,N/A,"Enables carbohydrate binding activity. Involved in endoplasmic reticulum to Golgi vesicle-mediated transport. Located in COPII-coated ER to Golgi transport vesicle and Golgi membrane. Human ortholog(s) of this gene implicated in autosomal dominant intellectual developmental disorder 69; autosomal recessive intellectual developmental disorder 52; factor V deficiency; and factor XIII deficiency. Orthologous to several human genes including LMAN1 (lectin, mannose binding 1); LMAN1L (lectin, mannose binding 1 like); and LMAN2 (lectin, mannose binding 2). [provided by Alliance of Genome Resources, Jul 2025]",N/A,N/A
APC9,850792,N/A,"Contributes to ubiquitin protein ligase activity. Involved in chromatin organization and protein ubiquitination. Part of anaphase-promoting complex. [provided by Alliance of Genome Resources, Jul 2025]",N/A,N/A
LCL2,850794,N/A,"Involved in ERAD pathway. Located in fungal-type vacuole. [provided by Alliance of Genome Resources, Jul 2025]",N/A,N/A
HOG1,850803,N/A,"Enables MAP kinase activity; calmodulin binding activity; and chromatin binding activity. Involved in several processes, including cellular response to osmotic stress; positive regulation of transcription by RNA polymerase II; and regulation of cell cycle process. Located in cytoplasm and nucleus. Human ortholog(s) of this gene implicated in several diseases, including abdominal aortic aneurysm; carcinoma (multiple); chronic mucocutaneous candidiasis; colorectal cancer (multiple); and intestinal benign neoplasm (multiple). Orthologous to several human genes including MAPK12 (mitogen-activated protein kinase 12) and MAPK13 (mitogen-activated protein kinase 13). [provided by Alliance of Genome Resources, Jul 2025]",N/A,N/A
YPS1,850811,N/A,"Enables aspartic-type endopeptidase activity. Involved in fungal-type cell wall organization; protein maturation; and signal transduction involved in filamentous growth. Located in plasma membrane. [provided by Alliance of Genome Resources, Jul 2025]",N/A,N/A
YPS3,850812,N/A,"Enables aspartic-type endopeptidase activity. Involved in fungal-type cell wall organization. Located in plasma membrane. Human ortholog(s) of this gene implicated in Alzheimer's disease. Orthologous to human BACE2 (beta-secretase 2). [provided by Alliance of Genome Resources, Jul 2025]",N/A,N/A
USB1,850823,N/A,"Predicted to enable poly(U)-specific exoribonuclease activity, producing 3' uridine cyclic phosphate ends. Involved in U6 snRNA 3'-end processing. Located in mitochondrion and nucleus. Human ortholog(s) of this gene implicated in poikiloderma with neutropenia. Orthologous to human USB1 (U6 snRNA biogenesis phosphodiesterase 1). [provided by Alliance of Genome Resources, Jul 2025]",N/A,N/A
CKI1,850824,N/A,"Enables choline kinase activity and ethanolamine kinase activity. Involved in phosphatidylcholine biosynthetic process and phosphatidylethanolamine biosynthetic process. Located in cytoplasm. Used to study epilepsy and microcephaly. Human ortholog(s) of this gene implicated in intellectual disability; megaconial type congenital muscular dystrophy; muscular dystrophy; narcolepsy; and recurrent hypersomnia. Orthologous to several human genes including CHKA (choline kinase alpha) and CHKB (choline kinase beta). [provided by Alliance of Genome Resources, Jul 2025]",N/A,N/A
RKM5,850828,N/A,"Enables S-adenosylmethionine-dependent methyltransferase activity. Involved in protein methylation. Predicted to be part of protein-containing complex. Predicted to be active in cytosol. [provided by Alliance of Genome Resources, Jul 2025]",N/A,N/A
PUT1,850833,N/A,"Enables proline dehydrogenase activity. Involved in proline catabolic process to glutamate. Located in mitochondrion. Human ortholog(s) of this gene implicated in amino acid metabolic disorder; hyperprolinemia type 1; and schizophrenia 4. Orthologous to human PRODH (proline dehydrogenase 1) and PRODH2 (proline dehydrogenase 2). [provided by Alliance of Genome Resources, Apr 2025]",N/A,N/A
YLR149C,850841,N/A,N/A,N/A,N/A
PCD1,850844,N/A,"Enables 8-oxo-7,8-dihydroguanosine triphosphate pyrophosphatase activity and coenzyme A diphosphatase activity. Involved in DNA repair. Located in peroxisome. Orthologous to human NUDT7 (nudix hydrolase 7). [provided by Alliance of Genome Resources, Jul 2025]",N/A,N/A
YLR157C-B,850853,N/A,"Predicted to enable several functions, including DNA polymerase activity; RNA nuclease activity; and peptidase activity. Predicted to be involved in retrotransposition. Predicted to act upstream of or within several processes, including DNA metabolic process; transposition; and viral translational frameshifting. Located in nucleus. [provided by Alliance of Genome Resources, Apr 2025]",N/A,N/A
SHH4,850861,N/A,"Contributes to succinate dehydrogenase (quinone) activity. Involved in mitochondrial electron transport, succinate to ubiquinone. Located in mitochondrial inner membrane. Part of respiratory chain complex II (succinate dehydrogenase). Used to study paraganglioma. Human ortholog(s) of this gene implicated in Carney-Stratakis syndrome; mitochondrial complex II deficiency; and paraganglioma. Orthologous to human SDHD (succinate dehydrogenase complex subunit D). [provided by Alliance of Genome Resources, Jul 2025]",N/A,N/A
YLR173W,850870,N/A,"Involved in cellular response to nitrogen starvation and negative regulation of macroautophagy. Is active in fungal-type vacuole membrane. [provided by Alliance of Genome Resources, Apr 2025]",N/A,N/A
IDP2,850871,N/A,"Enables isocitrate dehydrogenase (NADP+) activity. Involved in isocitrate metabolic process. Located in cytosol. Used to study high grade glioma. Human ortholog(s) of this gene implicated in several diseases, including D-2-hydroxyglutaric aciduria 2; carcinoma (multiple); hematologic cancer (multiple); high grade glioma (multiple); and lung cancer (multiple). Orthologous to several human genes including IDH1 (isocitrate dehydrogenase (NADP(+)) 1). [provided by Alliance of Genome Resources, Jul 2025]",N/A,N/A
RFX1,850873,N/A,"Enables RNA polymerase II cis-regulatory region sequence-specific DNA binding activity. Involved in negative regulation of transcription by RNA polymerase II and positive regulation of transcription by RNA polymerase II. Located in cytoplasm and nucleus. Orthologous to several human genes including RFX2 (regulatory factor X2) and RFX4 (regulatory factor X4). [provided by Alliance of Genome Resources, Jul 2025]",N/A,N/A
YLR177W,850874,N/A,"Predicted to enable mRNA binding activity. Located in cytoplasm. [provided by Alliance of Genome Resources, Jul 2025]",N/A,N/A
TFS1,850875,N/A,"Enables peptidase inhibitor activity and phospholipid binding activity. Involved in regulation of Ras protein signal transduction and regulation of proteolysis. Located in fungal-type vacuole lumen and fungal-type vacuole membrane. Human ortholog(s) of this gene implicated in prostate cancer. Orthologous to several human genes including PEBP1 (phosphatidylethanolamine binding protein 1). [provided by Alliance of Genome Resources, Jul 2025]",N/A,N/A
COQ9,850898,N/A,"Predicted to enable lipid binding activity. Involved in ubiquinone biosynthetic process. Located in mitochondrial inner membrane. Used to study coenzyme Q10 deficiency disease. Human ortholog(s) of this gene implicated in coenzyme Q10 deficiency disease and primary coenzyme Q10 deficiency 5. Orthologous to human COQ9 (coenzyme Q9). [provided by Alliance of Genome Resources, Jul 2025]",N/A,N/A
HMX1,850902,N/A,"Enables heme oxygenase (decyclizing) activity. Involved in heme catabolic process; intracellular iron ion homeostasis; and response to oxidative stress. Located in endoplasmic reticulum and nuclear outer membrane. Human ortholog(s) of this gene implicated in several diseases, including artery disease (multiple); cerebrovascular disease (multiple); factor VIII deficiency; lung disease (multiple); and sickle cell anemia. Orthologous to several human genes including HMOX1 (heme oxygenase 1). [provided by Alliance of Genome Resources, Jul 2025]",N/A,N/A
ENT2,850903,N/A,"Enables K48-linked polyubiquitin modification-dependent protein binding activity and K63-linked polyubiquitin modification-dependent protein binding activity. Involved in actin cortical patch assembly; actin filament organization; and endocytosis. Located in mating projection tip. Orthologous to human ENTHD1 (ENTH domain containing 1); EPN1 (epsin 1); and EPN3 (epsin 3). [provided by Alliance of Genome Resources, Jul 2025]",N/A,N/A
HRD3,850904,N/A,"Contributes to ubiquitin-protein transferase activity. Involved in negative regulation of protein autoubiquitination and retrograde protein transport, ER to cytosol. Located in endoplasmic reticulum membrane. Part of Hrd1p ubiquitin ligase ERAD-L complex; Hrd1p ubiquitin ligase ERAD-M complex; and luminal surveillance complex. Human ortholog(s) of this gene implicated in pancreatic cancer. Orthologous to several human genes including SEL1L (SEL1L adaptor subunit of SYVN1 ubiquitin ligase). [provided by Alliance of Genome Resources, Jul 2025]",N/A,N/A
CPR6,850914,N/A,"Enables peptidyl-prolyl cis-trans isomerase activity; ribosome binding activity; and unfolded protein binding activity. Involved in protein refolding. Located in cytoplasm. Orthologous to human PPID (peptidylprolyl isomerase D). [provided by Alliance of Genome Resources, Jul 2025]",N/A,N/A
YLR225C,850922,N/A,"Predicted to act upstream of or within response to oxidative stress. Located in cytoplasm. [provided by Alliance of Genome Resources, Apr 2025]",N/A,N/A
YLR227W-B,850927,N/A,"Predicted to enable several functions, including DNA polymerase activity; RNA nuclease activity; and peptidase activity. Predicted to be involved in retrotransposition. Predicted to act upstream of or within several processes, including DNA metabolic process; transposition; and viral translational frameshifting. Located in nucleus. [provided by Alliance of Genome Resources, Apr 2025]",N/A,N/A
VPS34,850941,N/A,"Enables 1-phosphatidylinositol-3-kinase activity and protein kinase activity. Involved in several processes, including cellular response to potassium ion starvation; pexophagy; and positive regulation of transcription elongation by RNA polymerase II. Located in several cellular components, including fungal-type vacuole membrane; nucleus-vacuole junction; and phagophore assembly site. Part of phosphatidylinositol 3-kinase complex, class III, type I and phosphatidylinositol 3-kinase complex, class III, type II. Used to study Parkinson's disease. Orthologous to human PIK3C3 (phosphatidylinositol 3-kinase catalytic subunit type 3). [provided by Alliance of Genome Resources, Jul 2025]",N/A,N/A
IRC20,850949,N/A,"Enables ubiquitin-protein transferase activity. Involved in double-strand break repair via nonhomologous end joining and double-strand break repair via synthesis-dependent strand annealing. Located in mitochondrion and nucleus. Orthologous to human SHPRH (SNF2 histone linker PHD RING helicase). [provided by Alliance of Genome Resources, Jul 2025]",N/A,N/A
SSP120,850952,N/A,"Predicted to enable calcium ion binding activity. Located in fungal-type vacuole. Orthologous to human NUCB1 (nucleobindin 1) and NUCB2 (nucleobindin 2). [provided by Alliance of Genome Resources, Jul 2025]",N/A,N/A
SYM1,850953,N/A,"Involved in ethanol metabolic process. Located in mitochondrial inner membrane. Used to study mitochondrial DNA depletion syndrome 3; mitochondrial DNA depletion syndrome 6; and mitochondrial metabolism disease. Human ortholog(s) of this gene implicated in Charcot-Marie-Tooth disease type 2EE; mitochondrial DNA depletion syndrome 3; and mitochondrial DNA depletion syndrome 6. Orthologous to several human genes including MPV17 (mitochondrial inner membrane protein MPV17). [provided by Alliance of Genome Resources, Jul 2025]",N/A,N/A
GSY2,850962,N/A,"Enables alpha-1,4-glucan glucosyltransferase (UDP-glucose donor) activity and glycogen binding activity. Involved in glycogen biosynthetic process. Located in cytoplasm. Human ortholog(s) of this gene implicated in cardiovascular system disease and glycogen storage disease. Orthologous to human GYS1 (glycogen synthase 1) and GYS2 (glycogen synthase 2). [provided by Alliance of Genome Resources, Jul 2025]",N/A,N/A
HSP60,850963,N/A,"Enables several functions, including ATP hydrolysis activity; DNA binding activity; and unfolded protein binding activity. Involved in several processes, including chaperone-mediated protein complex assembly; protein folding; and protein stabilization. Located in mitochondrion. Is active in mitochondrial nucleoid. Human ortholog(s) of this gene implicated in several diseases, including artery disease (multiple); autistic disorder; glucose intolerance; hereditary spastic paraplegia (multiple); and hypomyelinating leukodystrophy 4. Orthologous to human HSPD1 (heat shock protein family D (Hsp60) member 1). [provided by Alliance of Genome Resources, Jul 2025]",N/A,N/A
NEJ1,850970,N/A,"Enables DNA end binding activity. Involved in double-strand break repair via nonhomologous end joining; double-strand break repair via single-strand annealing; and homologous recombination. Located in nucleus. Part of DNA ligase IV complex. Is active in site of double-strand break. [provided by Alliance of Genome Resources, Jul 2025]",N/A,N/A
PDR8,850971,N/A,"Enables RNA polymerase II cis-regulatory region sequence-specific DNA binding activity. Involved in positive regulation of transcription by RNA polymerase II. Located in nucleus. [provided by Alliance of Genome Resources, Jul 2025]",N/A,N/A
BOP2,850972,N/A,N/A,N/A,N/A
DCS1,850974,N/A,"Enables exoribonuclease activator activity and hydrolase activity, acting on acid anhydrides, in phosphorus-containing anhydrides. Involved in cellular response to starvation; deadenylation-dependent decapping of nuclear-transcribed mRNA; and nuclear-transcribed mRNA catabolic process, deadenylation-independent decay. Located in P-body. Orthologous to human DCPS (decapping enzyme, scavenger). [provided by Alliance of Genome Resources, Jul 2025]",N/A,N/A
PIG1,850979,N/A,"Enables protein phosphatase regulator activity. Involved in regulation of glycogen biosynthetic process. Predicted to be part of protein phosphatase type 1 complex. Orthologous to human PPP1R3E (protein phosphatase 1 regulatory subunit 3E). [provided by Alliance of Genome Resources, Jul 2025]",N/A,N/A
YLR278C,850984,N/A,"Predicted to enable DNA-binding transcription factor activity, RNA polymerase II-specific and sequence-specific DNA binding activity. Predicted to be involved in positive regulation of transcription by RNA polymerase II. Predicted to act upstream of or within DNA-templated transcription and regulation of DNA-templated transcription. Is active in nucleus. [provided by Alliance of Genome Resources, Apr 2025]",N/A,N/A
YLR283W,850988,N/A,"Involved in regulation of proline metabolic process. Located in endoplasmic reticulum and mitochondrion. Is active in mitochondrial inner membrane. [provided by Alliance of Genome Resources, Jul 2025]",N/A,N/A
COQ11,850997,N/A,"Involved in ubiquinone biosynthetic process. Located in mitochondrion. [provided by Alliance of Genome Resources, Jul 2025]",N/A,N/A
YLR297W,851004,N/A,"Located in fungal-type vacuole membrane and nucleus. [provided by Alliance of Genome Resources, Jul 2025]",N/A,N/A
ECM38,851006,N/A,"Enables glutathione hydrolase activity. Involved in glutathione catabolic process and xenobiotic metabolic process. Located in fungal-type vacuole. Human ortholog(s) of this gene implicated in gamma-glutamyl transpeptidase deficiency. Orthologous to several human genes including GGT1 (gamma-glutamyltransferase 1); GGT2P (gamma-glutamyltransferase 2, pseudogene); and GGT3P (gamma-glutamyltransferase 3 pseudogene). [provided by Alliance of Genome Resources, Jul 2025]",N/A,N/A
HRI1,851008,N/A,"Involved in protein targeting to membrane. Located in endoplasmic reticulum membrane. [provided by Alliance of Genome Resources, Jul 2025]",N/A,N/A
YLR312C,851021,N/A,"Enables protein-macromolecule adaptor activity. Involved in cellular response to nitrogen starvation; nucleophagy; and reticulophagy. Located in nuclear outer membrane and perinuclear endoplasmic reticulum. [provided by Alliance of Genome Resources, Jul 2025]",N/A,N/A
YLR326W,851036,N/A,"Located in cell periphery. [provided by Alliance of Genome Resources, Jul 2025]",N/A,N/A
TMA10,851037,N/A,"Is active in cytoplasm. [provided by Alliance of Genome Resources, Jul 2025]",N/A,N/A
YLR345W,851059,N/A,"Predicted to enable 6-phosphofructo-2-kinase activity and fructose-2,6-bisphosphate 2-phosphatase activity. Predicted to be involved in fructose 2,6-bisphosphate metabolic process. Predicted to act upstream of or within carbohydrate phosphorylation and fructose metabolic process. Located in cytoplasm. [provided by Alliance of Genome Resources, Apr 2025]",N/A,N/A
ORM2,851064,N/A,"Involved in negative regulation of sphingolipid biosynthetic process and response to unfolded protein. Located in endoplasmic reticulum. Part of serine palmitoyltransferase complex. Used to study Loeys-Dietz syndrome and asthma. Human ortholog(s) of this gene implicated in asthma. Orthologous to human ORMDL1 (ORMDL sphingolipid biosynthesis regulator 1); ORMDL2 (ORMDL sphingolipid biosynthesis regulator 2); and ORMDL3 (ORMDL sphingolipid biosynthesis regulator 3). [provided by Alliance of Genome Resources, Apr 2025]",N/A,N/A
YLR352W,851066,N/A,"Predicted to be involved in SCF-dependent proteasomal ubiquitin-dependent protein catabolic process. Predicted to act upstream of or within protein ubiquitination. Part of SCF ubiquitin ligase complex. Orthologous to several human genes including FBXL13 (F-box and leucine rich repeat protein 13); FBXL16 (F-box and leucine rich repeat protein 16); and FBXL20 (F-box and leucine rich repeat protein 20). [provided by Alliance of Genome Resources, Apr 2025]",N/A,N/A
ATG33,851070,N/A,"Involved in autophagy of mitochondrion and macroautophagy. Located in mitochondrion. [provided by Alliance of Genome Resources, Jul 2025]",N/A,N/A
REH1,851103,N/A,"Predicted to enable zinc ion binding activity. Involved in ribosomal large subunit biogenesis. Located in cytoplasm. Orthologous to human ZNF622 (zinc finger protein 622). [provided by Alliance of Genome Resources, Jul 2025]",N/A,N/A
YLR410W-B,851128,N/A,"Predicted to enable several functions, including DNA polymerase activity; RNA nuclease activity; and peptidase activity. Predicted to be involved in retrotransposition. Predicted to act upstream of or within several processes, including DNA metabolic process; transposition; and viral translational frameshifting. Located in nucleus. [provided by Alliance of Genome Resources, Apr 2025]",N/A,N/A
VPS36,851135,N/A,"Enables ubiquitin binding activity. Involved in several processes, including ATP export; negative regulation of transcription by RNA polymerase II; and protein localization to organelle. Part of ESCRT II complex. Orthologous to human VPS36 (vacuolar protein sorting 36 homolog). [provided by Alliance of Genome Resources, Apr 2025]",N/A,N/A
ATG17,851142,N/A,"Enables SNARE binding activity; molecular adaptor activity; and protein kinase activator activity. Involved in several processes, including cellular response to nitrogen starvation; macroautophagy; and positive regulation of autophagosome assembly. Located in phagophore assembly site and vacuole-isolation membrane contact site. Part of Atg1/ULK1 kinase complex. [provided by Alliance of Genome Resources, Jul 2025]",N/A,N/A
CRN1,851148,N/A,"Enables Arp2/3 complex binding activity; cytoskeletal protein binding activity; and protein-macromolecule adaptor activity. Involved in several processes, including actin cortical patch localization; actin filament organization; and regulation of Arp2/3 complex-mediated actin nucleation. Located in actin cortical patch. Human ortholog(s) of this gene implicated in coronin-1A deficiency. Orthologous to several human genes including CORO6 (coronin 6). [provided by Alliance of Genome Resources, Jul 2025]",N/A,N/A
HMG2,851171,N/A,"Enables hydroxymethylglutaryl-CoA reductase (NADPH) activity. Involved in ergosterol biosynthetic process. Located in endoplasmic reticulum membrane and nuclear envelope. Part of proteasome complex. Is active in endoplasmic reticulum. Human ortholog(s) of this gene implicated in several diseases, including attention deficit hyperactivity disorder; coronary artery disease (multiple); diabetes mellitus (multiple); muscular disease (multiple); and neurodegenerative disease (multiple). Orthologous to human HMGCR (3-hydroxy-3-methylglutaryl-CoA reductase). [provided by Alliance of Genome Resources, Jul 2025]",N/A,N/A
FMP27,851175,N/A,"Located in mitochondrion. Is active in mitochondria-associated endoplasmic reticulum membrane contact site. Orthologous to human BLTP2 (bridge-like lipid transfer protein family member 2). [provided by Alliance of Genome Resources, Jul 2025]",N/A,N/A
PAU4,851183,N/A,"Predicted to be a structural constituent of cell wall. Predicted to be involved in fungal-type cell wall organization. Located in fungal-type vacuole. [provided by Alliance of Genome Resources, Jul 2025]",N/A,N/A
YML003W,855010,N/A,N/A,N/A,N/A
GLO1,855009,N/A,"Enables lactoylglutathione lyase activity. Involved in glutathione metabolic process and methylglyoxal catabolic process to D-lactate via S-lactoyl-glutathione. Located in cytoplasm and nucleus. Human ortholog(s) of this gene implicated in autistic disorder; diabetic retinopathy; end stage renal disease; type 2 diabetes mellitus; and vascular disease. Orthologous to human GLO1 (glyoxalase I). [provided by Alliance of Genome Resources, Jul 2025]",N/A,N/A
TSA1,854980,N/A,"Enables several functions, including ribosome binding activity; thioredoxin peroxidase activity; and unfolded protein binding activity. Involved in several processes, including DNA protection; cell redox homeostasis; and cellular response to dithiothreitol. Located in cytosol. Human ortholog(s) of this gene implicated in autosomal recessive spinocerebellar ataxia 32 and methylmalonic aciduria and homocystinuria type cblC. Orthologous to several human genes including PRDX1 (peroxiredoxin 1) and PRDX2 (peroxiredoxin 2). [provided by Alliance of Genome Resources, Jul 2025]",N/A,N/A
USA1,854979,N/A,"Enables molecular adaptor activity. Involved in ERAD pathway; mRNA splicing, via spliceosome; and positive regulation of protein autoubiquitination. Located in endoplasmic reticulum membrane. [provided by Alliance of Genome Resources, Jul 2025]",N/A,N/A
YML039W,854969,N/A,"Predicted to enable several functions, including DNA polymerase activity; RNA nuclease activity; and peptidase activity. Predicted to be involved in retrotransposition. Predicted to act upstream of or within several processes, including DNA metabolic process; transposition; and viral translational frameshifting. Located in nucleus. [provided by Alliance of Genome Resources, Apr 2025]",N/A,N/A
CAT2,854965,N/A,"Enables carnitine O-acetyltransferase activity. Involved in carnitine metabolic process. Located in mitochondrion and peroxisome. Human ortholog(s) of this gene implicated in Alzheimer's disease; congenital myasthenic syndrome 6; and neurodegeneration with brain iron accumulation. Orthologous to several human genes including CRAT (carnitine O-acetyltransferase). [provided by Alliance of Genome Resources, Jul 2025]",N/A,N/A
YML045W,854963,N/A,"Predicted to enable several functions, including DNA polymerase activity; RNA nuclease activity; and peptidase activity. Predicted to be involved in retrotransposition. Predicted to act upstream of or within several processes, including DNA metabolic process; transposition; and viral translational frameshifting. Located in nucleus. [provided by Alliance of Genome Resources, Apr 2025]",N/A,N/A
YML053C,854952,N/A,"Located in cytoplasm and nucleus. [provided by Alliance of Genome Resources, Jul 2025]",N/A,N/A
CYB2,854950,N/A,"Enables L-lactate dehydrogenase (cytochrome) activity. Involved in lactate metabolic process. Located in mitochondrial intermembrane space. Orthologous to human HAO1 (hydroxyacid oxidase 1) and HAO2 (hydroxyacid oxidase 2). [provided by Alliance of Genome Resources, Jul 2025]",N/A,N/A
NTE1,854943,N/A,"Enables lysophospholipase activity. Involved in phosphatidylcholine catabolic process and regulation of phospholipid biosynthetic process. Located in endoplasmic reticulum. Human ortholog(s) of this gene implicated in Boucher-Neuhauser syndrome; Laurence-Moon syndrome; Oliver-McFarlane syndrome; and hereditary spastic paraplegia 39. Orthologous to several human genes including PNPLA6 (patatin like phospholipase domain containing 6). [provided by Alliance of Genome Resources, Apr 2025]",N/A,N/A
SMA2,854936,N/A,"Involved in spore membrane bending pathway. Located in cytoplasm and prospore membrane. [provided by Alliance of Genome Resources, Jul 2025]",N/A,N/A
ITT1,854934,N/A,"Predicted to enable ubiquitin conjugating enzyme binding activity and ubiquitin protein ligase activity. Involved in regulation of translational termination. Predicted to be part of ubiquitin ligase complex. Predicted to be active in cytoplasm. Orthologous to human RNF14 (ring finger protein 14). [provided by Alliance of Genome Resources, Jul 2025]",N/A,N/A
DAK1,854932,N/A,"Enables glycerone kinase activity. Involved in glycerol to glycerone phosphate metabolic process. Located in cytoplasm. Orthologous to human TKFC (triokinase and FMN cyclase). [provided by Alliance of Genome Resources, Jul 2025]",N/A,N/A
WAR1,854899,N/A,"Enables DNA-binding transcription factor activity and sequence-specific DNA binding activity. Involved in cellular response to acidic pH and positive regulation of transcription by RNA polymerase II. Located in nucleus. [provided by Alliance of Genome Resources, Jul 2025]",N/A,N/A
AIM33,854887,N/A,"Predicted to enable cytochrome-b5 reductase activity, acting on NAD(P)H. Predicted to be involved in ergosterol biosynthetic process. Predicted to be located in membrane. Human ortholog(s) of this gene implicated in breast cancer and methemoglobinemia. Orthologous to human CYB5R1 (cytochrome b5 reductase 1) and CYB5R3 (cytochrome b5 reductase 3). [provided by Alliance of Genome Resources, Apr 2025]",N/A,N/A
TSL1,856899,N/A,"Enables GTPase activator activity. Involved in actin cytoskeleton organization; mitotic morphogenesis checkpoint signaling; and negative regulation of Rho protein signal transduction. Located in several cellular components, including cellular bud tip; incipient cellular bud site; and mating projection tip. Human ortholog(s) of this gene implicated in Duane retraction syndrome 2. Orthologous to several human genes including ARHGAP12 (Rho GTPase activating protein 12); ARHGAP15 (Rho GTPase activating protein 15); and ARHGAP27 (Rho GTPase activating protein 27). [provided by Alliance of Genome Resources, Jul 2025]",N/A,N/A
COQ5,854930,N/A,"Enables 2-methoxy-6-polyprenyl-1,4-benzoquinol methyltransferase activity. Involved in aerobic respiration and ubiquinone biosynthetic process. Located in mitochondrial matrix. Used to study coenzyme Q10 deficiency disease. Human ortholog(s) of this gene implicated in primary coenzyme Q10 deficiency 9. Orthologous to human COQ5 (coenzyme Q5, methyltransferase). [provided by Alliance of Genome Resources, Jul 2025]",N/A,N/A
NAB6,854922,N/A,"Enables mRNA 3'-UTR binding activity. Involved in 3'-UTR-mediated mRNA stabilization and cellular response to cell wall damage. Located in cytoplasmic stress granule. [provided by Alliance of Genome Resources, Jul 2025]",N/A,N/A
NGL3,854921,N/A,"Enables poly(A)-specific ribonuclease activity. Involved in polyadenylation-dependent RNA catabolic process. Orthologous to human PDE12 (phosphodiesterase 12). [provided by Alliance of Genome Resources, Jul 2025]",N/A,N/A
NDI1,854919,N/A,"Enables NADH dehydrogenase (ubiquinone) activity. Involved in mitochondrial electron transport, NADH to ubiquinone and positive regulation of apoptotic process. Located in mitochondrial matrix. Used to study Leber hereditary optic neuropathy. [provided by Alliance of Genome Resources, Jul 2025]",N/A,N/A
MSC1,854911,N/A,"Involved in reciprocal meiotic recombination. Acts upstream of or within protein localization to site of double-strand break. Located in mitochondrion. Is active in nuclear envelope. [provided by Alliance of Genome Resources, Apr 2025]",N/A,N/A
ERO1,854909,N/A,"Enables thiol oxidase activity. Involved in protein folding in endoplasmic reticulum. Located in endoplasmic reticulum. Orthologous to human ERO1A (endoplasmic reticulum oxidoreductase 1 alpha) and ERO1B (endoplasmic reticulum oxidoreductase 1 beta). [provided by Alliance of Genome Resources, Jul 2025]",N/A,N/A
YML131W,854908,N/A,"Predicted to enable oxidoreductase activity, acting on the CH-CH group of donors, NAD or NADP as acceptor. Located in cytosol. Orthologous to several human genes including PTGR2 (prostaglandin reductase 2). [provided by Alliance of Genome Resources, Jul 2025]",N/A,N/A
COS3,854907,N/A,"Involved in intracellular sodium ion homeostasis. Located in endosome; fungal-type vacuole; and plasma membrane. [provided by Alliance of Genome Resources, Jul 2025]",N/A,N/A
YMR007W,855019,N/A,N/A,N/A,N/A
PLB1,855020,N/A,"Enables lysophospholipase activity. Involved in phosphatidylcholine acyl-chain remodeling. Located in endoplasmic reticulum; periplasmic space; and plasma membrane. Orthologous to several human genes including PLA2G4A (phospholipase A2 group IVA) and PLA2G4C (phospholipase A2 group IVC). [provided by Alliance of Genome Resources, Apr 2025]",N/A,N/A
YMR008C-A,65052913,N/A,N/A,N/A,N/A
SEC59,855026,N/A,"Enables dolichol kinase activity. Involved in dolichyl monophosphate biosynthetic process. Located in endoplasmic reticulum membrane. Used to study congenital disorder of glycosylation type I. Human ortholog(s) of this gene implicated in congenital disorder of glycosylation Im. Orthologous to human DOLK (dolichol kinase). [provided by Alliance of Genome Resources, Jul 2025]",N/A,N/A
SPO20,855031,N/A,"Enables SNAP receptor activity; phosphatidic acid binding activity; and phosphatidylinositol-4,5-bisphosphate binding activity. Involved in ascospore-type prospore assembly. Located in nucleus; plasma membrane; and prospore membrane. Part of SNARE complex. Human ortholog(s) of this gene implicated in CEDNIK syndrome; Down syndrome; and congenital myasthenic syndrome 18. Orthologous to human SNAP25 (synaptosome associated protein 25) and SNAP29 (synaptosome associated protein 29). [provided by Alliance of Genome Resources, Jul 2025]",N/A,N/A
FMS1,855034,N/A,"Enables polyamine oxidase activity. Involved in pantothenate biosynthetic process and spermine catabolic process. Located in cytoplasm. Human ortholog(s) of this gene implicated in several diseases, including Brunner Syndrome; alcohol use disorder; autism spectrum disorder; lung non-small cell carcinoma; and panic disorder. Orthologous to several human genes including PAOX (polyamine oxidase) and SMOX (spermine oxidase). [provided by Alliance of Genome Resources, Jul 2025]",N/A,N/A
UBC7,855036,N/A,"Enables ubiquitin-protein transferase activity. Involved in ERAD pathway; chromatin organization; and fungal-type cell wall organization. Located in endoplasmic reticulum membrane. Part of Doa10p ubiquitin ligase complex and Hrd1p ubiquitin ligase ERAD-L complex. Orthologous to human UBE2G2 (ubiquitin conjugating enzyme E2 G2). [provided by Alliance of Genome Resources, Jul 2025]",N/A,N/A
YMR027W,855042,N/A,"Enables phosphatase activity. Predicted to be involved in DNA damage response. Located in cytoplasm and nucleus. Orthologous to human ARMT1 (acidic residue methyltransferase 1). [provided by Alliance of Genome Resources, Jul 2025]",N/A,N/A
FAR8,855044,N/A,"Involved in re-entry into mitotic cell cycle after pheromone arrest. Located in endoplasmic reticulum. Orthologous to human STRN (striatin). [provided by Alliance of Genome Resources, Apr 2025]",N/A,N/A
EIS1,855047,N/A,"Involved in eisosome assembly. Located in eisosome. [provided by Alliance of Genome Resources, Jul 2025]",N/A,N/A
SUB1,855055,N/A,"Enables G-quadruplex DNA binding activity and chromatin binding activity. Involved in several processes, including DNA-templated transcription; negative regulation of ascospore formation; and positive regulation of DNA-templated transcription. Located in nucleus. Orthologous to human SUB1 (SUB1 regulator of transcription). [provided by Alliance of Genome Resources, Jul 2025]",N/A,N/A
YET2,855056,N/A,"Predicted to be involved in endoplasmic reticulum to Golgi vesicle-mediated transport and protein localization to endoplasmic reticulum exit site. Predicted to act upstream of or within intracellular protein transport and vesicle-mediated transport. Located in endoplasmic reticulum. Orthologous to human BCAP29 (B cell receptor associated protein 29). [provided by Alliance of Genome Resources, Apr 2025]",N/A,N/A
YMR045C,855062,N/A,"Predicted to enable several functions, including DNA polymerase activity; RNA nuclease activity; and peptidase activity. Predicted to be involved in retrotransposition. Predicted to act upstream of or within several processes, including DNA metabolic process; transposition; and viral translational frameshifting. Located in nucleus. [provided by Alliance of Genome Resources, Apr 2025]",N/A,N/A
YMR050C,855070,N/A,"Predicted to enable several functions, including DNA polymerase activity; RNA nuclease activity; and peptidase activity. Predicted to be involved in retrotransposition. Predicted to act upstream of or within several processes, including DNA metabolic process; transposition; and viral translational frameshifting. Located in nucleus. [provided by Alliance of Genome Resources, Apr 2025]",N/A,N/A
STV1,855076,N/A,"Enables phosphatidylinositol-4-phosphate binding activity. Contributes to proton-transporting ATPase activity, rotational mechanism. Involved in vacuolar acidification. Located in Golgi apparatus and late endosome. Part of vacuolar proton-transporting V-type ATPase, V0 domain. Human ortholog(s) of this gene implicated in autosomal recessive cutis laxa type IIA; autosomal recessive osteopetrosis 1; developmental and epileptic encephalopathy 104; renal tubular acidosis; and wrinkly skin syndrome. Orthologous to several human genes including ATP6V0A1 (ATPase H+ transporting V0 subunit a1); ATP6V0A2 (ATPase H+ transporting V0 subunit a2); and ATP6V0A4 (ATPase H+ transporting V0 subunit a4). [provided by Alliance of Genome Resources, Jul 2025]",N/A,N/A
AAC1,855078,N/A,"Enables ATP:ADP antiporter activity. Involved in several processes, including aerobic respiration; heme biosynthetic process; and heme transport. Located in mitochondrial inner membrane. Human ortholog(s) of this gene implicated in intrinsic cardiomyopathy (multiple); mitochondrial DNA depletion syndrome (multiple); and mitochondrial myopathy (multiple). Orthologous to several human genes including SLC25A4 (solute carrier family 25 member 4); SLC25A5 (solute carrier family 25 member 5); and SLC25A6 (solute carrier family 25 member 6). [provided by Alliance of Genome Resources, Apr 2025]",N/A,N/A
ARG7,855084,N/A,"Enables L-glutamate N-acetyltransferase activity. Involved in ornithine biosynthetic process. Located in mitochondrial matrix. [provided by Alliance of Genome Resources, Jul 2025]",N/A,N/A
TVP18,855093,N/A,"Involved in vesicle-mediated transport. Located in Golgi membrane. [provided by Alliance of Genome Resources, Jul 2025]",N/A,N/A
ISF1,855105,N/A,"Involved in aerobic respiration. [provided by Alliance of Genome Resources, Jul 2025]",N/A,N/A
ADH3,855107,N/A,"Enables alcohol dehydrogenase (NAD+) activity. Involved in amino acid catabolic process to alcohol via Ehrlich pathway. Located in mitochondrial matrix. [provided by Alliance of Genome Resources, Jul 2025]",N/A,N/A
YMR084W,855108,N/A,"Predicted to enable glutamine-fructose-6-phosphate transaminase (isomerizing) activity. Predicted to be involved in several processes, including UDP-N-acetylglucosamine metabolic process; chitin biosynthetic process; and protein N-linked glycosylation. Predicted to act upstream of or within UDP-N-acetylglucosamine biosynthetic process. Human ortholog(s) of this gene implicated in congenital myasthenic syndrome 12 and obesity. Orthologous to human GFPT1 (glutamine--fructose-6-phosphate transaminase 1). [provided by Alliance of Genome Resources, Apr 2025]",N/A,N/A
YMR085W,855109,N/A,"Predicted to enable glutamine-fructose-6-phosphate transaminase (isomerizing) activity. Predicted to be involved in several processes, including UDP-N-acetylglucosamine metabolic process; chitin biosynthetic process; and protein N-linked glycosylation. Predicted to act upstream of or within carbohydrate derivative metabolic process. Human ortholog(s) of this gene implicated in congenital myasthenic syndrome 12 and obesity. Orthologous to human GFPT1 (glutamine--fructose-6-phosphate transaminase 1). [provided by Alliance of Genome Resources, Apr 2025]",N/A,N/A
YMR087W,855112,N/A,"Predicted to enable phosphatase activity. Predicted to be involved in tRNA splicing, via endonucleolytic cleavage and ligation. [provided by Alliance of Genome Resources, Jul 2025]",N/A,N/A
YMR090W,855115,N/A,"Located in cytoplasm. Orthologous to human BLVRB (biliverdin reductase B). [provided by Alliance of Genome Resources, Jul 2025]",N/A,N/A
AIP1,855117,N/A,"Enables actin binding activity. Involved in actin filament depolymerization; barbed-end actin filament capping; and negative regulation of cytokinesis. Located in actin filament. Is active in actin cortical patch. Used to study hypertrophic cardiomyopathy. Orthologous to human WDR1 (WD repeat domain 1). [provided by Alliance of Genome Resources, Jul 2025]",N/A,N/A
YMR103C,855129,N/A,N/A,N/A,N/A
YPK2,855130,N/A,"Enables protein serine/threonine kinase activity. Involved in eisosome assembly and regulation of fungal-type cell wall organization. Located in nucleus. Human ortholog(s) of this gene implicated in hypertension. Orthologous to several human genes including C8orf44-SGK3 (C8orf44-SGK3 readthrough); SGK1 (serum/glucocorticoid regulated kinase 1); and SGK2 (serum/glucocorticoid regulated kinase 2). [provided by Alliance of Genome Resources, Jul 2025]",N/A,N/A
PGM2,855131,N/A,"Enables phosphoglucomutase activity. Involved in several processes, including UDP-alpha-D-glucose metabolic process; carbohydrate biosynthetic process; and glucose 1-phosphate metabolic process. Located in cytoplasm. Used to study congenital disorder of glycosylation It. Human ortholog(s) of this gene implicated in congenital disorder of glycosylation It; endometrial cancer; and teratoma. Orthologous to several human genes including PGM5 (phosphoglucomutase 5). [provided by Alliance of Genome Resources, Jul 2025]",N/A,N/A
SPG4,855134,N/A,N/A,N/A,N/A
HFD1,855137,N/A,"Enables 4-hydroxybenzaldehyde dehydrogenase (NAD+) activity and carboxylate reductase activity. Involved in aldehyde catabolic process; sphingolipid metabolic process; and ubiquinone biosynthetic process. Located in lipid droplet and mitochondrial outer membrane. Used to study Sjogren-Larsson syndrome. Human ortholog(s) of this gene implicated in Sjogren-Larsson syndrome and arteriosclerosis. Orthologous to several human genes including ALDH3A1 (aldehyde dehydrogenase 3 family member A1); ALDH3A2 (aldehyde dehydrogenase 3 family member A2); and ALDH3B1 (aldehyde dehydrogenase 3 family member B1). [provided by Alliance of Genome Resources, Jul 2025]",N/A,N/A
ASI1,855147,N/A,"Enables ubiquitin-protein transferase activity. Involved in cellular response to amino acid stimulus and proteasome-mediated ubiquitin-dependent protein catabolic process. Located in nuclear inner membrane. Part of Asi complex. [provided by Alliance of Genome Resources, Jul 2025]",N/A,N/A
REC114,855163,N/A,"Involved in reciprocal meiotic recombination. Located in condensed nuclear chromosome. [provided by Alliance of Genome Resources, Jul 2025]",N/A,N/A
GID8,855166,N/A,"Involved in negative regulation of gluconeogenesis; proteasome-mediated ubiquitin-dependent protein catabolic process; and traversing start control point of mitotic cell cycle. Located in cytoplasm and nucleus. Part of GID complex. Orthologous to human GID8 (GID complex subunit 8 homolog). [provided by Alliance of Genome Resources, Jul 2025]",N/A,N/A
GAT2,852271,N/A,"Enables glycerol-3-phosphate O-acyltransferase activity and glycerone-phosphate O-acyltransferase activity. Involved in phospholipid biosynthetic process. Located in endoplasmic reticulum. [provided by Alliance of Genome Resources, Jul 2025]",N/A,N/A
RIM11,855170,N/A,"Enables protein serine/threonine kinase activity. Involved in ascospore formation. Located in cytoplasm. Human ortholog(s) of this gene implicated in Alzheimer's disease; amyotrophic lateral sclerosis; bipolar disorder; oral squamous cell carcinoma; and schizophrenia. Orthologous to several human genes including GSK3B (glycogen synthase kinase 3 beta). [provided by Alliance of Genome Resources, Jul 2025]",N/A,N/A
SIP5,855171,N/A,"Involved in cellular response to glucose starvation. Located in cytoplasm. [provided by Alliance of Genome Resources, Jul 2025]",N/A,N/A
ATG16,855194,N/A,"Enables protein-macromolecule adaptor activity. Contributes to Atg8-family ligase activity. Involved in several processes, including C-terminal protein lipidation; cytoplasm to vacuole targeting by the Cvt pathway; and macroautophagy. Located in phagophore; phagophore assembly site; and vacuole-isolation membrane contact site. Part of Atg12-Atg5-Atg16 complex. [provided by Alliance of Genome Resources, Jul 2025]",N/A,N/A
YMR160W,855195,N/A,"Involved in sphingolipid metabolic process. Located in fungal-type vacuole membrane. Is active in endoplasmic reticulum-vacuole membrane contact site; peroxisomal membrane; and vacuole-mitochondrion membrane contact site. [provided by Alliance of Genome Resources, Jul 2025]",N/A,N/A
MSS11,855200,N/A,"Involved in positive regulation of flocculation; positive regulation of growth of unicellular organism as a thread of attached cells; and positive regulation of macromolecule metabolic process. Predicted to be located in nucleus. [provided by Alliance of Genome Resources, Jul 2025]",N/A,N/A
ALD3,855205,N/A,"Enables aldehyde dehydrogenase (NAD+) activity. Involved in beta-alanine biosynthetic process and polyamine catabolic process. Predicted to be located in cytoplasm. Human ortholog(s) of this gene implicated in several diseases, including alcohol dependence; alcohol use disorder; artery disease (multiple); diabetes mellitus (multiple); and liver disease (multiple). Orthologous to several human genes including ALDH1A1 (aldehyde dehydrogenase 1 family member A1); ALDH1A2 (aldehyde dehydrogenase 1 family member A2); and ALDH1A3 (aldehyde dehydrogenase 1 family member A3). [provided by Alliance of Genome Resources, Jul 2025]",N/A,N/A
ALD2,855206,N/A,"Enables aldehyde dehydrogenase (NAD+) activity. Involved in beta-alanine biosynthetic process and polyamine catabolic process. Located in cytoplasm. Human ortholog(s) of this gene implicated in several diseases, including alcohol dependence; alcohol use disorder; artery disease (multiple); diabetes mellitus (multiple); and liver disease (multiple). Orthologous to several human genes including ALDH1A1 (aldehyde dehydrogenase 1 family member A1); ALDH1A2 (aldehyde dehydrogenase 1 family member A2); and ALDH1A3 (aldehyde dehydrogenase 1 family member A3). [provided by Alliance of Genome Resources, Jul 2025]",N/A,N/A
DDR48,855210,N/A,"Enables ATP hydrolysis activity and GTPase activity. Involved in DNA repair. Located in cytosol. [provided by Alliance of Genome Resources, Jul 2025]",N/A,N/A
PAI3,855212,N/A,"Enables endopeptidase inhibitor activity. Involved in protein catabolic process in the vacuole. Located in cytoplasm and nucleus. [provided by Alliance of Genome Resources, Jul 2025]",N/A,N/A
CTL1,855218,N/A,"Enables polynucleotide 5'-phosphatase activity. Predicted to be involved in 7-methylguanosine mRNA capping. Predicted to act upstream of or within mRNA processing. Located in cytoplasm and nucleus. [provided by Alliance of Genome Resources, Apr 2025]",N/A,N/A
YMR181C,855219,N/A,N/A,N/A,N/A
ADD37,855222,N/A,"Involved in ERAD pathway. Located in cytoplasm. [provided by Alliance of Genome Resources, Jul 2025]",N/A,N/A
SPG5,855229,N/A,"Enables proteasome binding activity. Involved in proteasome assembly. [provided by Alliance of Genome Resources, Jul 2025]",N/A,N/A
CMC4,1466503,N/A,"Located in mitochondrial intermembrane space. Orthologous to human CMC4 (C-X9-C motif containing 4). [provided by Alliance of Genome Resources, Jul 2025]",N/A,N/A
ICY1,855235,N/A,"Located in fungal-type vacuole membrane. [provided by Alliance of Genome Resources, Jul 2025]",N/A,N/A
YMR196W,855236,N/A,"Predicted to enable Glc3Man9GlcNAc2 oligosaccharide glucosidase activity. Predicted to act upstream of or within oligosaccharide metabolic process. Located in cytoplasm. [provided by Alliance of Genome Resources, Apr 2025]",N/A,N/A
VTI1,855237,N/A,"Enables SNAP receptor activity. Involved in Golgi vesicle transport; macroautophagy; and organelle fusion. Located in Golgi membrane. Part of SNARE complex. Orthologous to human VTI1A (vesicle transport through interaction with t-SNAREs 1A). [provided by Alliance of Genome Resources, Jul 2025]",N/A,N/A
YMR206W,855246,N/A,N/A,N/A,N/A
SCJ1,855254,N/A,"Enables protein-folding chaperone binding activity. Involved in ERAD pathway; protein folding in endoplasmic reticulum; and response to unfolded protein. Located in endoplasmic reticulum lumen. Human ortholog(s) of this gene implicated in polycystic kidney disease 6. Orthologous to human DNAJB11 (DnaJ heat shock protein family (Hsp40) member B11). [provided by Alliance of Genome Resources, Jul 2025]",N/A,N/A
COA6,855287,N/A,"Enables copper ion binding activity. Involved in intracellular copper ion homeostasis and mitochondrial cytochrome c oxidase assembly. Located in mitochondrial intermembrane space. Used to study COX deficiency, infantile mitochondrial myopathy; cardiomyopathy; and cytochrome-c oxidase deficiency disease. Human ortholog(s) of this gene implicated in mitochondrial complex IV deficiency nuclear type 13. Orthologous to human COA6 (cytochrome c oxidase assembly factor 6). [provided by Alliance of Genome Resources, Jul 2025]",N/A,N/A
YMR244W,855285,N/A,"Located in fungal-type vacuole. [provided by Alliance of Genome Resources, Jul 2025]",N/A,N/A
GAD1,855291,N/A,"Enables glutamate decarboxylase activity. Involved in cellular response to oxidative stress and glutamate catabolic process. Located in cytoplasm. [provided by Alliance of Genome Resources, Apr 2025]",N/A,N/A
GTO3,855292,N/A,"Enables glutathione transferase activity. Predicted to be involved in glutathione metabolic process. Located in cytoplasm. [provided by Alliance of Genome Resources, Jul 2025]",N/A,N/A
HOR7,855293,N/A,"Involved in plasma membrane organization. Located in plasma membrane. [provided by Alliance of Genome Resources, Jul 2025]",N/A,N/A
YMR252C,855294,N/A,"Located in mitochondrion. [provided by Alliance of Genome Resources, Jul 2025]",N/A,N/A
YMR253C,855295,N/A,"Located in cytoplasm. Orthologous to human SLC35G1 (solute carrier family 35 member G1). [provided by Alliance of Genome Resources, Jul 2025]",N/A,N/A
TPS3,855303,N/A,"Enables enzyme regulator activity. Contributes to alpha,alpha-trehalose-phosphate synthase (UDP-forming) activity and trehalose-phosphatase activity. Involved in trehalose biosynthetic process. Located in cytoplasm. Part of alpha,alpha-trehalose-phosphate synthase complex (UDP-forming). [provided by Alliance of Genome Resources, Jul 2025]",N/A,N/A
YMR262W,855304,N/A,"Predicted to enable metal ion binding activity and nuclease activity. Orthologous to human TATDN3 (TatD DNase domain containing 3). [provided by Alliance of Genome Resources, Apr 2025]",N/A,N/A
YMR265C,855307,N/A,"Predicted to enable RNA binding activity; histone H2A Q104 methyltransferase activity; and rRNA methyltransferase activity. Predicted to be involved in box C/D sno(s)RNA 3'-end processing and rRNA methylation. Predicted to act upstream of or within chromatin remodeling. Predicted to be part of box C/D methylation guide snoRNP complex and small-subunit processome. Predicted to be active in nucleolus. [provided by Alliance of Genome Resources, Apr 2025]",N/A,N/A
URA10,855313,N/A,"Enables orotate phosphoribosyltransferase activity. Involved in 'de novo' pyrimidine nucleobase biosynthetic process and pyrimidine ribonucleoside biosynthetic process. Located in cytoplasm. [provided by Alliance of Genome Resources, Jul 2025]",N/A,N/A
PRM15,855321,N/A,"Enables phosphopentomutase activity. Involved in guanosine catabolic process; inosine catabolic process; and purine ribonucleoside salvage. Located in cytoplasm and nucleus. Orthologous to human PGM2 (phosphoglucomutase 2) and PGM2L1 (phosphoglucomutase 2 like 1). [provided by Alliance of Genome Resources, Jul 2025]",N/A,N/A
YMR279C,855322,N/A,"Predicted to enable borate efflux transmembrane transporter activity. Involved in borate transmembrane transport. Located in cell periphery. [provided by Alliance of Genome Resources, Jul 2025]",N/A,N/A
CAT8,855323,N/A,"Enables DNA-binding transcription activator activity, RNA polymerase II-specific and RNA polymerase II cis-regulatory region sequence-specific DNA binding activity. Involved in positive regulation of gluconeogenesis; positive regulation of glyoxylate cycle; and positive regulation of transcription by RNA polymerase II. Located in cytoplasm and nucleus. [provided by Alliance of Genome Resources, Jul 2025]",N/A,N/A
GPI12,855324,N/A,"Enables N-acetylglucosaminylphosphatidylinositol deacetylase activity. Predicted to be involved in GPI anchor biosynthetic process. Located in endoplasmic reticulum. Human ortholog(s) of this gene implicated in CHIME syndrome. Orthologous to human PIGL (phosphatidylinositol glycan anchor biosynthesis class L). [provided by Alliance of Genome Resources, Jul 2025]",N/A,N/A
YKU70,855328,N/A,"Enables telomerase RNA binding activity. Involved in several processes, including constitutive heterochromatin formation; double-strand break repair; and establishment of protein-containing complex localization to telomere. Located in nuclear envelope. Part of Ku70:Ku80 complex. Orthologous to human XRCC6 (X-ray repair cross complementing 6). [provided by Alliance of Genome Resources, Jul 2025]",N/A,N/A
TDA1,855336,N/A,"Enables protein serine/threonine kinase activity. Involved in peptidyl-serine phosphorylation. Located in cytoplasm and nucleus. Human ortholog(s) of this gene implicated in urinary bladder cancer and uterine fibroid. Orthologous to human DAPK1 (death associated protein kinase 1); DAPK2 (death associated protein kinase 2); and DAPK3 (death associated protein kinase 3). [provided by Alliance of Genome Resources, Jul 2025]",N/A,N/A
PRC1,855343,N/A,"Enables serine-type carboxypeptidase activity. Involved in several processes, including cellular response to nitrogen starvation; phytochelatin biosynthetic process; and zymogen activation. Located in fungal-type vacuole lumen. Is active in vacuolar lumen. Human ortholog(s) of this gene implicated in galactosialidosis and lysosomal storage disease. Orthologous to human CTSA (cathepsin A). [provided by Alliance of Genome Resources, Jul 2025]",N/A,N/A
UBP15,855350,N/A,"Enables cysteine-type deubiquitinase activity. Involved in free ubiquitin chain depolymerization and protein deubiquitination. Acts upstream of or within poly(A)+ mRNA export from nucleus. Located in cytosol and peroxisome. Orthologous to human USP7 (ubiquitin specific peptidase 7). [provided by Alliance of Genome Resources, Jul 2025]",N/A,N/A
GLC8,855359,N/A,"Enables enzyme activator activity. Involved in chromosome segregation. Located in cytoplasm and nucleus. Orthologous to human PPP1R2 (protein phosphatase 1 regulatory inhibitor subunit 2) and PPP1R2P1 (protein phosphatase 1 regulatory inhibitor subunit 2 pseudogene 1). [provided by Alliance of Genome Resources, Jul 2025]",N/A,N/A
TGL3,855361,N/A,"Enables lysophosphatidylethanolamine acyltransferase activity and triacylglycerol lipase activity. Involved in cell budding and triglyceride catabolic process. Located in lipid droplet. [provided by Alliance of Genome Resources, Jul 2025]",N/A,N/A
YMR315W,855363,N/A,"Enables oxidoreductase activity, acting on NAD(P)H. Involved in NADPH regeneration. Located in cytoplasm and nucleus. Orthologous to human DHDH (dihydrodiol dehydrogenase). [provided by Alliance of Genome Resources, Jul 2025]",N/A,N/A
YMR315W-A,1466508,N/A,N/A,N/A,N/A
DIA1,855364,N/A,"Involved in invasive growth in response to glucose limitation and pseudohyphal growth. Located in cytoplasm. [provided by Alliance of Genome Resources, Jul 2025]",N/A,N/A
YNCB0008W,65052914,N/A,N/A,N/A,N/A
YNCB0009C,9164869,N/A,"Enables rRNA pseudouridylation guide activity. Involved in rRNA pseudouridine synthesis. Part of box H/ACA snoRNP complex. [provided by Alliance of Genome Resources, Jul 2025]",N/A,N/A
YNCC0012C,9164873,N/A,"Enables rRNA pseudouridylation guide activity. Involved in snoRNA guided rRNA pseudouridine synthesis. Part of box H/ACA snoRNP complex. [provided by Alliance of Genome Resources, Jul 2025]",N/A,N/A
YNCD0002C,9164876,N/A,"Enables rRNA 2'-O-ribose methylation guide activity. Involved in rRNA methylation. Part of box C/D methylation guide snoRNP complex. [provided by Alliance of Genome Resources, Jul 2025]",N/A,N/A
YNCD0030W,9164878,N/A,"Enables rRNA 2'-O-ribose methylation guide activity. Involved in rRNA methylation. Located in cytoplasm. Part of box C/D methylation guide snoRNP complex. [provided by Alliance of Genome Resources, Jul 2025]",N/A,N/A
YNCE0007C,9164884,N/A,"Contributes to ribonuclease P activity. Involved in intronic box C/D snoRNA processing and tRNA processing. Part of nucleolar ribonuclease P complex. [provided by Alliance of Genome Resources, Jul 2025]",N/A,N/A
YNCE0017W,9164885,N/A,"Involved in negative regulation of DNA-templated transcription. Predicted to be located in nucleus. [provided by Alliance of Genome Resources, Jul 2025]",N/A,N/A
YNCE0019W,9164882,N/A,"Enables rRNA primary transcript binding activity and small ribosomal subunit rRNA binding activity. Involved in rRNA acetylation. Located in nucleolus. Part of box C/D methylation guide snoRNP complex. [provided by Alliance of Genome Resources, Jul 2025]",N/A,N/A
YNCG0010W,9164893,N/A,"Enables rRNA pseudouridylation guide activity. Involved in rRNA pseudouridine synthesis. Part of box H/ACA snoRNP complex. [provided by Alliance of Genome Resources, Jul 2025]",N/A,N/A
YNCG0013W,9164894,N/A,"Enables rRNA pseudouridylation guide activity. Involved in endonucleolytic cleavage in ITS1 to separate SSU-rRNA from 5.8S rRNA and LSU-rRNA from tricistronic rRNA transcript (SSU-rRNA, 5.8S rRNA, LSU-rRNA); endonucleolytic cleavage to generate mature 5'-end of SSU-rRNA from (SSU-rRNA, 5.8S rRNA, LSU-rRNA); and rRNA pseudouridine synthesis. Located in nucleolus. Part of box H/ACA snoRNP complex. [provided by Alliance of Genome Resources, Jul 2025]",N/A,N/A
YNCH0007W,9164903,N/A,N/A,N/A,N/A
YNCH0008W,9164904,N/A,N/A,N/A,N/A
YNCJ0004C,9164910,N/A,"Enables RNA folding chaperone. Involved in maturation of LSU-rRNA. Part of box C/D methylation guide snoRNP complex. Is active in nucleolus. [provided by Alliance of Genome Resources, Jul 2025]",N/A,N/A
YNCJ0007C,9164908,N/A,"Enables rRNA pseudouridylation guide activity. Involved in rRNA pseudouridine synthesis. Part of box H/ACA snoRNP complex. Is active in nucleolus. [provided by Alliance of Genome Resources, Jul 2025]",N/A,N/A
YNCK0020C,9164915,N/A,"Enables rRNA pseudouridylation guide activity. Involved in rRNA pseudouridine synthesis. Part of box H/ACA snoRNP complex. [provided by Alliance of Genome Resources, Jul 2025]",N/A,N/A
YNCL0003W,9164925,N/A,"Enables rRNA primary transcript binding activity. Involved in rRNA processing. Located in nucleolus. Part of box H/ACA snoRNP complex. [provided by Alliance of Genome Resources, Jul 2025]",N/A,N/A
YNCL0006W,9164922,N/A,"Enables snRNA binding activity. Involved in generation of catalytic spliceosome for second transesterification step and spliceosome conformational change to release U4 (or U4atac) and U1 (or U11). Part of U4/U6 x U5 tri-snRNP complex and U6 snRNP. [provided by Alliance of Genome Resources, Jul 2025]",N/A,N/A
YNCM0002C,9164957,N/A,"Enables rRNA pseudouridylation guide activity. Involved in rRNA pseudouridine synthesis. Part of box H/ACA snoRNP complex. [provided by Alliance of Genome Resources, Jul 2025]",N/A,N/A
YNCM0031W,9164951,N/A,"Enables rRNA pseudouridylation guide activity. Involved in rRNA pseudouridine synthesis. Located in nucleolus. Part of box H/ACA snoRNP complex. [provided by Alliance of Genome Resources, Jul 2025]",N/A,N/A
YNCN0013W,9164967,N/A,"Contributes to ribonuclease MRP activity. Involved in mRNA processing; positive regulation of cell cycle; and rRNA processing. Part of ribonuclease MRP complex. [provided by Alliance of Genome Resources, Jul 2025]",N/A,N/A
YNCN0018W,9164966,N/A,"Enables rRNA pseudouridylation guide activity. Involved in snoRNA guided rRNA pseudouridine synthesis. Part of box H/ACA snoRNP complex. [provided by Alliance of Genome Resources, Jul 2025]",N/A,N/A
YNCO0022C,9164972,N/A,"Enables rRNA pseudouridylation guide activity. Involved in rRNA pseudouridine synthesis. Part of box H/ACA snoRNP complex. [provided by Alliance of Genome Resources, Jul 2025]",N/A,N/A
YNCO0024C,9164977,N/A,"Predicted to enable rRNA pseudouridylation guide activity. Predicted to be involved in snoRNA guided rRNA pseudouridine synthesis. Predicted to act upstream of or within RNA processing. Located in nucleolus. Part of box H/ACA snoRNP complex. [provided by Alliance of Genome Resources, Apr 2025]",N/A,N/A
YNCO0027C,9164979,N/A,"Enables rRNA pseudouridylation guide activity. Involved in rRNA pseudouridine synthesis. Part of box H/ACA snoRNP complex. [provided by Alliance of Genome Resources, Jul 2025]",N/A,N/A
YNCP0002W,65052918,N/A,N/A,N/A,N/A
YNCP0021W,9164982,N/A,"Enables small ribosomal subunit rRNA binding activity. Involved in rRNA acetylation. Part of box C/D methylation guide snoRNP complex. [provided by Alliance of Genome Resources, Jul 2025]",N/A,N/A
LST8,855726,N/A,"Enables protein serine/threonine kinase activator activity. Involved in several processes, including establishment or maintenance of actin cytoskeleton polarity; fungal-type cell wall organization; and intracellular signal transduction. Located in Golgi membrane; endosome membrane; and nuclear periphery. Part of TORC1 complex and TORC2 complex. Orthologous to human MLST8 (MTOR associated protein, LST8 homolog). [provided by Alliance of Genome Resources, Jul 2025]",N/A,N/A
SIS1,855725,N/A,"Enables misfolded protein binding activity. Involved in several processes, including detection of misfolded protein; gene expression; and proteasome-mediated ubiquitin-dependent protein catabolic process. Located in nucleus. Part of cytosolic small ribosomal subunit. Is active in cytosol and nucleolus. Used to study autosomal dominant limb-girdle muscular dystrophy type 1 and congenital myopathy 21. Human ortholog(s) of this gene implicated in congenital myopathy 21 and primary ciliary dyskinesia 34. Orthologous to several human genes including DNAJB1 (DnaJ heat shock protein family (Hsp40) member B1). [provided by Alliance of Genome Resources, Jul 2025]",N/A,N/A
YNL011C,855721,N/A,"Predicted to enable LPPG:FO 2-phospho-L-lactate transferase activity. [provided by Alliance of Genome Resources, Jul 2025]",N/A,N/A
SPO1,855720,N/A,"Predicted to enable phospholipase A2 activity. Involved in meiosis I; spindle pole body duplication; and spore membrane bending pathway. Located in endoplasmic reticulum; nucleus; and prospore membrane. Orthologous to several human genes including JMJD7-PLA2G4B (JMJD7-PLA2G4B readthrough); PLA2G4A (phospholipase A2 group IVA); and PLA2G4B (phospholipase A2 group IVB). [provided by Alliance of Genome Resources, Jul 2025]",N/A,N/A
PBI2,855717,N/A,"Enables endopeptidase inhibitor activity. Involved in regulation of proteolysis and vacuole fusion, non-autophagic. Located in cytosol. [provided by Alliance of Genome Resources, Jul 2025]",N/A,N/A
NCE103,855692,N/A,"Enables carbonate dehydratase activity. Involved in cellular response to carbon dioxide and cellular response to oxidative stress. Located in mitochondrial intermembrane space. [provided by Alliance of Genome Resources, Jul 2025]",N/A,N/A
LAP2,855682,N/A,"Enables aminopeptidase activity and epoxide hydrolase activity. Involved in lipid metabolic process and protein catabolic process. Located in cytoplasm and nucleus. Orthologous to human LTA4H (leukotriene A4 hydrolase). [provided by Alliance of Genome Resources, Jul 2025]",N/A,N/A
VAC7,855673,N/A,"Enables enzyme activator activity. Involved in positive regulation of phosphatidylinositol biosynthetic process and protein localization to vacuolar membrane. Located in fungal-type vacuole membrane. Part of PAS complex. [provided by Alliance of Genome Resources, Jul 2025]",N/A,N/A
YNL054W-B,855672,N/A,"Predicted to enable several functions, including DNA polymerase activity; RNA nuclease activity; and peptidase activity. Predicted to be involved in retrotransposition. Predicted to act upstream of or within several processes, including DNA metabolic process; transposition; and viral translational frameshifting. Located in nucleus. [provided by Alliance of Genome Resources, Apr 2025]",N/A,N/A
POR1,855669,N/A,"Enables phospholipid scramblase activity; ubiquinone binding activity; and voltage-gated monoatomic anion channel activity. Involved in several processes, including DNA transport; cell redox homeostasis; and positive regulation of protein import into nucleus. Located in mitochondrial inner-outer membrane contact site. Is active in mitochondrial outer membrane. Human ortholog(s) of this gene implicated in prostate cancer. Orthologous to several human genes including VDAC1 (voltage dependent anion channel 1) and VDAC2 (voltage dependent anion channel 2). [provided by Alliance of Genome Resources, Jul 2025]",N/A,N/A
MLF3,855650,N/A,"Involved in cellular response to heat and establishment or maintenance of actin cytoskeleton polarity. Located in cytoplasm. [provided by Alliance of Genome Resources, Jul 2025]",N/A,N/A
APJ1,855647,N/A,"Enables ATPase activator activity and unfolded protein binding activity. Involved in protein sumoylation and protein unfolding. Located in nuclear periphery. Is active in nuclear inclusion body. Orthologous to human DNAJA1 (DnaJ heat shock protein family (Hsp40) member A1) and DNAJA4 (DnaJ heat shock protein family (Hsp40) member A4). [provided by Alliance of Genome Resources, Jul 2025]",N/A,N/A
YNL092W,855632,N/A,"Enables S-adenosylmethionine-dependent methyltransferase activity. Involved in protein methylation. Orthologous to human CARNMT1 (carnosine N-methyltransferase 1). [provided by Alliance of Genome Resources, Jul 2025]",N/A,N/A
YPT53,855631,N/A,"Enables GTPase activity. Involved in Golgi to endosome transport; endocytosis; and protein targeting to vacuole. Located in late endosome. Orthologous to human RAB5A (RAB5A, member RAS oncogene family); RAB5B (RAB5B, member RAS oncogene family); and RAB5C (RAB5C, member RAS oncogene family). [provided by Alliance of Genome Resources, Jul 2025]",N/A,N/A
RAS2,855625,N/A,"Enables GTP binding activity and GTPase activity. Involved in several processes, including cytoplasm to vacuole targeting by the Cvt pathway; positive regulation of transcription by galactose; and protein localization to bud neck. Located in several cellular components, including endoplasmic reticulum membrane; mitochondrion; and nucleus. Used to study colorectal cancer. Human ortholog(s) of this gene implicated in Noonan syndrome 12 and colorectal cancer. Orthologous to human RRAS2 (RAS related 2). [provided by Alliance of Genome Resources, Jul 2025]",N/A,N/A
INP52,855618,N/A,"Enables phosphatidylinositol phosphate phosphatase activity. Involved in phosphatidylinositol dephosphorylation. Located in actin cortical patch. Human ortholog(s) of this gene implicated in Parkinson's disease; Parkinson's disease 20; and developmental and epileptic encephalopathy 53. Orthologous to human SYNJ1 (synaptojanin 1) and SYNJ2 (synaptojanin 2). [provided by Alliance of Genome Resources, Jul 2025]",N/A,N/A
YAF9,855616,N/A,"Predicted to enable histone binding activity. Involved in DNA repair and subtelomeric heterochromatin formation. Located in cytoplasm and nucleus. Part of NuA4 histone acetyltransferase complex and Swr1 complex. Orthologous to human YEATS4 (YEATS domain containing 4). [provided by Alliance of Genome Resources, Jul 2025]",N/A,N/A
YNL108C,855615,N/A,"Enables phosphatase activity. Involved in dephosphorylation. Located in cytoplasm and nucleus. Orthologous to several human genes including UBASH3A (ubiquitin associated and SH3 domain containing A). [provided by Alliance of Genome Resources, Jul 2025]",N/A,N/A
YNL115C,855608,N/A,"Predicted to enable catalytic activity. Located in fungal-type vacuole membrane. [provided by Alliance of Genome Resources, Jul 2025]",N/A,N/A
ESBP6,855598,N/A,"Predicted to enable transmembrane transporter activity. Predicted to act upstream of or within transmembrane transport. Located in mitochondrion. Human ortholog(s) of this gene implicated in Allan-Herndon-Dudley syndrome; cataract 47; familial hyperinsulinemic hypoglycemia 7; and intellectual disability. Orthologous to several human genes including SLC16A1 (solute carrier family 16 member 1). [provided by Alliance of Genome Resources, Apr 2025]",N/A,N/A
FYV6,855589,N/A,"Involved in double-strand break repair via nonhomologous end joining. Located in nucleus. [provided by Alliance of Genome Resources, Apr 2025]",N/A,N/A
YNL134C,855588,N/A,"Enables aldehyde dehydrogenase (NAD+) activity. Involved in response to furfural. Located in cytoplasm and nucleus. [provided by Alliance of Genome Resources, Jul 2025]",N/A,N/A
MEP2,855580,N/A,"Enables ammonium channel activity. Involved in several processes, including ammonium transmembrane transport; nitrogen utilization; and pseudohyphal growth. Located in plasma membrane. Used to study renal tubular acidosis. Human ortholog(s) of this gene implicated in Rh deficiency syndrome; Rh isoimmunization; hemolytic anemia; and overhydrated hereditary stomatocytosis. Orthologous to several human genes including RHAG (Rh associated glycoprotein); RHCE (Rh blood group CcEe antigens); and RHD (Rh blood group D antigen). [provided by Alliance of Genome Resources, Jul 2025]",N/A,N/A
YNL144C,855578,N/A,"Located in mitochondrion. [provided by Alliance of Genome Resources, Apr 2025]",N/A,N/A
YNL155C-A,91000626,N/A,N/A,N/A,N/A
CUZ1,855567,N/A,"Enables proteasome binding activity. Involved in cellular response to arsenic-containing substance and proteasome-mediated ubiquitin-dependent protein catabolic process. Located in cytoplasm and nucleus. Orthologous to human ZFAND1 (zinc finger AN1-type containing 1). [provided by Alliance of Genome Resources, Jul 2025]",N/A,N/A
ASI2,855563,N/A,"Involved in cellular response to amino acid stimulus and proteasome-mediated ubiquitin-dependent protein catabolic process. Located in nuclear inner membrane. Part of Asi complex. [provided by Alliance of Genome Resources, Jul 2025]",N/A,N/A
YGP1,855562,N/A,"Involved in cell wall assembly. Located in extracellular region. [provided by Alliance of Genome Resources, Jul 2025]",N/A,N/A
MDG1,855548,N/A,"Predicted to enable protein kinase binding activity. Involved in pheromone-dependent signal transduction involved in conjugation with cellular fusion. Located in plasma membrane. [provided by Alliance of Genome Resources, Jul 2025]",N/A,N/A
NPR1,855538,N/A,"Enables protein serine/threonine kinase activity. Involved in negative regulation of endocytosis and regulation of sphingolipid biosynthetic process. Located in Golgi apparatus and plasma membrane. [provided by Alliance of Genome Resources, Jul 2025]",N/A,N/A
YNL194C,855527,N/A,"Involved in ascospore formation. Located in cell cortex. [provided by Alliance of Genome Resources, Jul 2025]",N/A,N/A
YNL195C,855526,N/A,"Located in mitochondrion. [provided by Alliance of Genome Resources, Jul 2025]",N/A,N/A
NNR1,855521,N/A,"Enables NAD(P)HX epimerase activity. Involved in nicotinamide nucleotide metabolic process. Located in mitochondrion. Orthologous to human NAXE (NAD(P)HX epimerase) and YJEFN3 (YjeF N-terminal domain containing 3). [provided by Alliance of Genome Resources, Jul 2025]",N/A,N/A
YNL208W,855513,N/A,"Located in mitochondrion. [provided by Alliance of Genome Resources, Jul 2025]",N/A,N/A
VID27,855509,N/A,"Located in cytoplasm. [provided by Alliance of Genome Resources, Jul 2025]",N/A,N/A
PEX17,855507,N/A,"Involved in protein import into peroxisome matrix, docking. Located in peroxisomal membrane. Part of peroxisomal importomer complex and transmembrane transporter complex. [provided by Alliance of Genome Resources, Jul 2025]",N/A,N/A
MGS1,855503,N/A,"Enables G-quadruplex DNA binding activity; enzyme activator activity; and single-stranded DNA helicase activity. Involved in DNA replication, Okazaki fragment processing; chromosome organization; and regulation of DNA repair. Located in cytoplasm and nucleus. Orthologous to human WRNIP1 (WRN helicase interacting protein 1). [provided by Alliance of Genome Resources, Apr 2025]",N/A,N/A
ATG4,855498,N/A,"Enables protein-phosphatidylethanolamide deconjugating activity. Involved in several processes, including cytoplasm to vacuole targeting by the Cvt pathway; piecemeal microautophagy of the nucleus; and protein modification process. Located in cytoplasm and nucleus. Orthologous to several human genes including ATG4D (autophagy related 4D cysteine peptidase). [provided by Alliance of Genome Resources, Apr 2025]",N/A,N/A
YTP1,855484,N/A,"Predicted to be located in membrane. [provided by Alliance of Genome Resources, Jul 2025]",N/A,N/A
LAP3,855482,N/A,"Enables DNA binding activity; cysteine-type peptidase activity; and mRNA binding activity. Involved in homocysteine catabolic process; negative regulation of transcription by RNA polymerase II; and response to antibiotic. Located in cytoplasm. Orthologous to human BLMH (bleomycin hydrolase). [provided by Alliance of Genome Resources, Jul 2025]",N/A,N/A
ATG2,855479,N/A,"Enables phosphatidylinositol-3-phosphate binding activity. Involved in autophagy of mitochondrion; cytoplasm to vacuole targeting by the Cvt pathway; and macroautophagy. Located in phagophore and phagophore assembly site. Orthologous to several human genes including ATG2B (autophagy related 2B). [provided by Alliance of Genome Resources, Jul 2025]",N/A,N/A
MPA43,855472,N/A,"Predicted to enable D-ribulokinase activity. Predicted to be involved in pentose metabolic process. Predicted to act upstream of or within carbohydrate phosphorylation. Located in mitochondrion. Orthologous to human FGGY (FGGY carbohydrate kinase domain containing). [provided by Alliance of Genome Resources, Apr 2025]",N/A,N/A
NRD1,855470,N/A,"Enables protein domain specific binding activity and transcription regulatory region RNA binding activity. Involved in RNA metabolic process. Part of Nrd1 complex. Orthologous to human SCAF4 (SR-related CTD associated factor 4). [provided by Alliance of Genome Resources, Jul 2025]",N/A,N/A
PDR17,855457,N/A,"Enables phosphatidylinositol transfer activity and sterol binding activity. Involved in several processes, including Golgi to plasma membrane protein transport; phospholipid metabolic process; and regulation of phospholipid biosynthetic process. Located in cell periphery; cytosol; and endosome. Human ortholog(s) of this gene implicated in Bothnia retinal dystrophy; Newfoundland cone-rod dystrophy; fundus albipunctatus; night blindness; and retinitis pigmentosa. Orthologous to human CLVS1 (clavesin 1); CLVS2 (clavesin 2); and RLBP1 (retinaldehyde binding protein 1). [provided by Alliance of Genome Resources, Jul 2025]",N/A,N/A
IST1,855456,N/A,"Enables ATPase inhibitor activity. Involved in endosome to plasma membrane protein transport and late endosome to vacuole transport via multivesicular body sorting pathway. Located in cytoplasm. Is active in endosome. Orthologous to human IST1 (IST1 factor associated with ESCRT-III). [provided by Alliance of Genome Resources, Jul 2025]",N/A,N/A
GOR1,855447,N/A,"Enables glyoxylate reductase (NADH) activity. Involved in glyoxylate catabolic process. Located in mitochondrion and nucleus. Human ortholog(s) of this gene implicated in primary hyperoxaluria and primary hyperoxaluria type 2. Orthologous to human GRHPR (glyoxylate and hydroxypyruvate reductase). [provided by Alliance of Genome Resources, Jul 2025]",N/A,N/A
YNL277W-A,1466509,N/A,N/A,N/A,N/A
PRM1,855442,N/A,"Involved in plasma membrane fusion involved in cytogamy. Located in mating projection tip. [provided by Alliance of Genome Resources, Jul 2025]",N/A,N/A
HCH1,855440,N/A,"Enables ATPase activator activity and protein-folding chaperone binding activity. Involved in protein folding. Located in cytoplasm and nucleus. Orthologous to human AHSA1 (activator of HSP90 ATPase activity 1) and AHSA2P (activator of HSP90 ATPase homolog 2, pseudogene). [provided by Alliance of Genome Resources, Jul 2025]",N/A,N/A
YNL284C-B,855433,N/A,"Predicted to enable several functions, including DNA polymerase activity; RNA nuclease activity; and peptidase activity. Predicted to be involved in retrotransposition. Predicted to act upstream of or within several processes, including DNA metabolic process; transposition; and viral translational frameshifting. Located in nucleus. [provided by Alliance of Genome Resources, Apr 2025]",N/A,N/A
MSB3,855423,N/A,"Enables GTPase activator activity. Involved in several processes, including endocytosis; exocytosis; and formin-nucleated actin cable assembly. Located in several cellular components, including cellular bud tip; fungal-type vacuole membrane; and incipient cellular bud site. Part of polarisome. Used to study Ewing sarcoma and cancer. Orthologous to human GRTP1 (growth hormone regulated TBC protein 1). [provided by Alliance of Genome Resources, Jul 2025]",N/A,N/A
YPT11,855412,N/A,"Enables myosin V binding activity. Involved in Golgi distribution to daughter cells; endoplasmic reticulum inheritance; and mitochondrion inheritance. Acts upstream of or within intracellular distribution of mitochondria. Located in several cellular components, including cellular bud neck; cellular bud tip; and incipient cellular bud site. Is active in mitochondrion. [provided by Alliance of Genome Resources, Jul 2025]",N/A,N/A
BXI1,855411,N/A,"Predicted to enable calcium channel activity. Involved in apoptotic process; calcium-mediated signaling; and endoplasmic reticulum unfolded protein response. Located in endoplasmic reticulum; fungal-type vacuole; and mitochondrion. Orthologous to several human genes including TMBIM4 (transmembrane BAX inhibitor motif containing 4). [provided by Alliance of Genome Resources, Jul 2025]",N/A,N/A
THI12,855384,N/A,"Predicted to enable metal ion binding activity and transferase activity. Involved in thiamine biosynthetic process. [provided by Alliance of Genome Resources, Jul 2025]",N/A,N/A
SNZ2,855383,N/A,"Predicted to enable GMP synthase (glutamine-hydrolyzing) activity and amine-lyase activity. Involved in pyridoxine biosynthetic process and thiamine biosynthetic process. [provided by Alliance of Genome Resources, Jul 2025]",N/A,N/A
SNO2,855382,N/A,"Predicted to enable hydrolase activity and pyridoxal 5'-phosphate synthase (glutamine hydrolysing) activity. Predicted to contribute to glutaminase activity. Predicted to be involved in pyridoxal phosphate biosynthetic process and pyridoxine metabolic process. Predicted to be part of glutaminase complex. Predicted to be active in cytosol. [provided by Alliance of Genome Resources, Jul 2025]",N/A,N/A
COS1,855380,N/A,"Predicted to be involved in protein transport to vacuole involved in ubiquitin-dependent protein catabolic process via the multivesicular body sorting pathway. Located in endosome. [provided by Alliance of Genome Resources, Jul 2025]",N/A,N/A
CIT1,855732,N/A,"Enables citrate (Si)-synthase activity. Involved in acetyl-CoA catabolic process and citrate metabolic process. Located in mitochondrion. Human ortholog(s) of this gene implicated in dilated cardiomyopathy and hypertrophic cardiomyopathy. Orthologous to human CS (citrate synthase). [provided by Alliance of Genome Resources, Apr 2025]",N/A,N/A
ATO2,855736,N/A,"Enables ammonium channel activity. Involved in ammonium transmembrane transport and nitrogen utilization. Located in plasma membrane. [provided by Alliance of Genome Resources, Jul 2025]",N/A,N/A
VPS27,855739,N/A,"Enables phosphatidylinositol-3-phosphate binding activity; polyubiquitin modification-dependent protein binding activity; and ubiquitin binding activity. Involved in several processes, including ATP export; microlipophagy; and vacuolar transport. Located in endosome and vacuolar membrane. Part of ESCRT-0 complex. Used to study Parkinson's disease. Orthologous to human HGS (hepatocyte growth factor-regulated tyrosine kinase substrate). [provided by Alliance of Genome Resources, Jul 2025]",N/A,N/A
ATG3,855741,N/A,"Enables Atg8-family ligase activity. Involved in several processes, including C-terminal protein lipidation; cytoplasm to vacuole targeting by the Cvt pathway; and macroautophagy. Located in phagophore and phagophore assembly site. Orthologous to human ATG3 (autophagy related 3). [provided by Alliance of Genome Resources, Jul 2025]",N/A,N/A
YNR014W,855748,N/A,"Located in cytoplasm. [provided by Alliance of Genome Resources, Jul 2025]",N/A,N/A
SEC12,855760,N/A,"Enables guanyl-nucleotide exchange factor activity. Involved in regulation of COPII vesicle coating. Located in Golgi apparatus and endoplasmic reticulum. Used to study autism spectrum disorder; cranioectodermal dysplasia; and intellectual disability. [provided by Alliance of Genome Resources, Jul 2025]",N/A,N/A
SOL1,855769,N/A,"Predicted to enable 6-phosphogluconolactonase activity. Involved in tRNA export from nucleus. Located in nucleus. Orthologous to human PGLS (6-phosphogluconolactonase). [provided by Alliance of Genome Resources, Jul 2025]",N/A,N/A
EGO4,855770,N/A,"Located in cytosol. [provided by Alliance of Genome Resources, Jul 2025]",N/A,N/A
FPK1,855783,N/A,"Enables protein serine/threonine kinase activity. Involved in positive regulation of cellular component organization; regulation of protein phosphorylation; and response to pheromone triggering conjugation with cellular fusion. Located in cytoplasm; mating projection tip; and plasma membrane. [provided by Alliance of Genome Resources, Jul 2025]",N/A,N/A
YNR061C,855798,N/A,"Located in fungal-type vacuole. [provided by Alliance of Genome Resources, Jul 2025]",N/A,N/A
YNR068C,855805,N/A,N/A,N/A,N/A
BSC5,855806,N/A,"Predicted to enable ubiquitin-ubiquitin ligase activity. Predicted to be involved in protein monoubiquitination and protein polyubiquitination. Predicted to act upstream of or within regulation of translation. Predicted to be part of ubiquitin ligase complex. [provided by Alliance of Genome Resources, Apr 2025]",N/A,N/A
PDR18,855807,N/A,"Enables ABC-type xenobiotic transporter activity. Involved in cellular response to xenobiotic stimulus and sterol homeostasis. Located in cytosol and mitochondrion. Is active in plasma membrane. [provided by Alliance of Genome Resources, Jul 2025]",N/A,N/A
YNR071C,855808,N/A,"Predicted to enable aldose 1-epimerase activity. Predicted to be involved in galactose catabolic process via UDP-galactose, Leloir pathway and glucose metabolic process. Predicted to act upstream of or within carbohydrate metabolic process. Human ortholog(s) of this gene implicated in galactosemia 4. Orthologous to human GALM (galactose mutarotase). [provided by Alliance of Genome Resources, Apr 2025]",N/A,N/A
HXT17,855809,N/A,"Enables D-glucose transmembrane transporter activity; fructose transmembrane transporter activity; and mannose transmembrane transporter activity. Involved in hexose transmembrane transport; mannitol transmembrane transport; and sorbitol transmembrane transport. Located in cell periphery and fungal-type vacuole. Orthologous to human SLC2A12 (solute carrier family 2 member 12). [provided by Alliance of Genome Resources, Jul 2025]",N/A,N/A
MAN2,855810,N/A,"Enables mannitol dehydrogenase activity. Predicted to act upstream of or within mannitol metabolic process. [provided by Alliance of Genome Resources, Apr 2025]",N/A,N/A
COS10,855812,N/A,"Involved in endocytosis. Located in endoplasmic reticulum and nuclear envelope. [provided by Alliance of Genome Resources, Jul 2025]",N/A,N/A
PAU6,855813,N/A,"Predicted to be a structural constituent of cell wall. Predicted to be involved in fungal-type cell wall organization. Located in fungal-type vacuole. [provided by Alliance of Genome Resources, Jul 2025]",N/A,N/A
MDM12,854153,N/A,"Enables lipid transfer activity. Involved in several processes, including mitochondrial outer membrane translocase complex assembly; mitochondrion inheritance; and mitochondrion-endoplasmic reticulum membrane tethering. Located in mitochondrial outer membrane. Part of ERMES complex. Is active in mitochondria-associated endoplasmic reticulum membrane contact site. [provided by Alliance of Genome Resources, Jul 2025]",N/A,N/A
HRD1,854149,N/A,"Enables ubiquitin-protein transferase activity. Involved in several processes, including endoplasmic reticulum unfolded protein response; protein autoubiquitination; and retrograde protein transport, ER to cytosol. Located in endoplasmic reticulum membrane. Part of Hrd1p ubiquitin ligase ERAD-L complex and Hrd1p ubiquitin ligase ERAD-M complex. Used to study alpha 1-antitrypsin deficiency. Orthologous to human SYVN1 (synoviolin 1). [provided by Alliance of Genome Resources, Jul 2025]",N/A,N/A
IRC10,854145,N/A,"Located in prospore membrane leading edge. [provided by Alliance of Genome Resources, Jul 2025]",N/A,N/A
CMK2,854144,N/A,"Enables calcium/calmodulin-dependent protein kinase activity. Involved in protein phosphorylation. Located in cytoplasm. Human ortholog(s) of this gene implicated in cocaine dependence. Orthologous to several human genes including CAMK1G (calcium/calmodulin dependent protein kinase IG). [provided by Alliance of Genome Resources, Jul 2025]",N/A,N/A
YOL024W,854134,N/A,N/A,N/A,N/A
LAG2,854133,N/A,"Involved in negative regulation of protein ubiquitination. Located in mitochondrion. [provided by Alliance of Genome Resources, Jul 2025]",N/A,N/A
SIL1,854126,N/A,"Enables adenyl-nucleotide exchange factor activity. Involved in SRP-dependent cotranslational protein targeting to membrane, translocation. Located in endoplasmic reticulum. Used to study Marinesco-Sjogren syndrome. Human ortholog(s) of this gene implicated in Marinesco-Sjogren syndrome and primary cerebellar degeneration. Orthologous to human SIL1 (SIL1 nucleotide exchange factor). [provided by Alliance of Genome Resources, Jul 2025]",N/A,N/A
OPI10,854125,N/A,"Predicted to enable nuclear import signal receptor activity. Involved in inositol metabolic process. Located in cytoplasm and nucleus. Human ortholog(s) of this gene implicated in hypomyelinating leukodystrophy 13. Orthologous to human HIKESHI (heat shock protein nuclear import factor hikeshi). [provided by Alliance of Genome Resources, Jul 2025]",N/A,N/A
YOL036W,854120,N/A,N/A,N/A,N/A
LDS2,854110,N/A,"Involved in ascospore wall assembly. Located in ascospore wall; ascus lipid droplet; and prospore membrane. [provided by Alliance of Genome Resources, Jul 2025]",N/A,N/A
RRT8,854109,N/A,"Involved in ascospore wall assembly. Located in ascospore wall and prospore membrane. [provided by Alliance of Genome Resources, Jul 2025]",N/A,N/A
DDR2,854104,N/A,"Involved in several processes, including cellular response to heat; cellular response to hydrogen peroxide; and cellular response to starvation. Located in fungal-type vacuole. [provided by Alliance of Genome Resources, Jul 2025]",N/A,N/A
AIM39,854103,N/A,"Located in cytosol; mitochondrion; and peroxisome. [provided by Alliance of Genome Resources, Jul 2025]",N/A,N/A
YOL057W,854097,N/A,"Enables dipeptidyl-peptidase activity. Predicted to be involved in proteolysis. Located in cytoplasm and nucleus. Orthologous to human DPP3 (dipeptidyl peptidase 3). [provided by Alliance of Genome Resources, Jul 2025]",N/A,N/A
GPD2,854095,N/A,"Enables glycerol-3-phosphate dehydrogenase [NAD(P)+] activity. Involved in glycerol metabolic process. Located in mitochondrion. Human ortholog(s) of this gene implicated in Brugada syndrome 2. Orthologous to human GPD1 (glycerol-3-phosphate dehydrogenase 1) and GPD1L (glycerol-3-phosphate dehydrogenase 1 like). [provided by Alliance of Genome Resources, Jul 2025]",N/A,N/A
MAM3,854094,N/A,"Predicted to enable transmembrane transporter activity. Involved in intracellular manganese ion homeostasis and mitochondrion organization. Acts upstream of or within intracellular magnesium ion homeostasis. Located in endoplasmic reticulum and fungal-type vacuole membrane. Human ortholog(s) of this gene implicated in Jalili syndrome and renal hypomagnesemia 6. Orthologous to several human genes including CNNM1 (cyclin and CBS domain divalent metal cation transport mediator 1); CNNM2 (cyclin and CBS domain divalent metal cation transport mediator 2); and CNNM3 (cyclin and CBS domain divalent metal cation transport mediator 3). [provided by Alliance of Genome Resources, Jul 2025]",N/A,N/A
MET22,854090,N/A,"Enables 3'(2'),5'-bisphosphate nucleotidase activity. Involved in several processes, including hyperosmotic salinity response; methionine biosynthetic process; and tRNA decay. Predicted to be located in cytoplasm and nucleus. [provided by Alliance of Genome Resources, Jul 2025]",N/A,N/A
DSC2,854081,N/A,"Located in endoplasmic reticulum. Part of Dsc E3 ubiquitin ligase complex. Orthologous to human UBAC2 (UBA domain containing 2). [provided by Alliance of Genome Resources, Apr 2025]",N/A,N/A
IRA2,854073,N/A,"Enables GTPase activator activity. Involved in adenylate cyclase-inhibiting G protein-coupled receptor signaling pathway and negative regulation of Ras protein signal transduction. Located in endoplasmic reticulum membrane and mitochondrion. Used to study neurofibromatosis and neurofibromatosis 1. Human ortholog(s) of this gene implicated in several diseases, including Watson syndrome; autistic disorder; hematologic cancer (multiple); neurofibromatosis (multiple); and peripheral nervous system neoplasm (multiple). Orthologous to human NF1 (neurofibromin 1). [provided by Alliance of Genome Resources, Jul 2025]",N/A,N/A
ATG19,854072,N/A,"Enables protein-macromolecule adaptor activity. Involved in ERAD pathway; protein-containing complex localization; and vesicle organization. Located in phagophore assembly site. Part of Cvt complex. [provided by Alliance of Genome Resources, Jul 2025]",N/A,N/A
ATG34,854071,N/A,"Enables protein-macromolecule adaptor activity. Involved in several processes, including macroautophagy; protein targeting to vacuole involved in autophagy; and protein-containing complex localization. Located in cytosol. Part of Cvt complex. [provided by Alliance of Genome Resources, Jul 2025]",N/A,N/A
PHM7,854070,N/A,"Predicted to enable calcium-activated cation channel activity. Involved in phosphate ion transport. Located in endoplasmic reticulum and fungal-type vacuole. [provided by Alliance of Genome Resources, Jul 2025]",N/A,N/A
YOL085C,854069,N/A,N/A,N/A,N/A
DUF1,854066,N/A,"Enables ubiquitin binding activity. Predicted to be involved in double-strand break repair via homologous recombination. Located in cytoplasm. Orthologous to human WDR48 (WD repeat domain 48). [provided by Alliance of Genome Resources, Jul 2025]",N/A,N/A
MPD2,854065,N/A,"Enables protein disulfide isomerase activity and protein-disulfide reductase activity. Involved in protein folding. Located in endoplasmic reticulum. [provided by Alliance of Genome Resources, Jul 2025]",N/A,N/A
COQ3,854057,N/A,"Enables 3-demethylubiquinol 3-O-methyltransferase activity and polyprenyldihydroxybenzoate methyltransferase activity. Involved in ubiquinone biosynthetic process. Located in mitochondrial inner membrane. Orthologous to human COQ3 (coenzyme Q3, methyltransferase). [provided by Alliance of Genome Resources, Jul 2025]",N/A,N/A
YOL103W-B,854049,N/A,"Predicted to enable several functions, including DNA polymerase activity; RNA nuclease activity; and peptidase activity. Predicted to be involved in retrotransposition. Predicted to act upstream of or within several processes, including DNA metabolic process; transposition; and viral translational frameshifting. Located in nucleus. [provided by Alliance of Genome Resources, Apr 2025]",N/A,N/A
WSC3,854046,N/A,"Enables transmembrane signaling receptor activity. Involved in Rho protein signal transduction; pexophagy; and response to heat. Located in plasma membrane. [provided by Alliance of Genome Resources, Jul 2025]",N/A,N/A
YOL107W,854043,N/A,"Predicted to be involved in retrograde vesicle-mediated transport, Golgi to endoplasmic reticulum. Located in COPI-coated vesicle and Golgi apparatus. Orthologous to human TMEM115 (transmembrane protein 115). [provided by Alliance of Genome Resources, Jul 2025]",N/A,N/A
INO4,854042,N/A,"Contributes to DNA-binding transcription activator activity, RNA polymerase II-specific and RNA polymerase II cis-regulatory region sequence-specific DNA binding activity. Involved in phospholipid biosynthetic process and positive regulation of transcription by RNA polymerase II. Located in nucleus. Part of RNA polymerase II transcription regulator complex. [provided by Alliance of Genome Resources, Jul 2025]",N/A,N/A
SKM1,854036,N/A,"Enables protein kinase activity. Involved in several processes, including negative regulation of macromolecule biosynthetic process; negative regulation of sterol import; and sterol import. Located in nucleus and plasma membrane. Human ortholog(s) of this gene implicated in breast cancer; ductal carcinoma in situ; non-syndromic X-linked intellectual disability 30; renal cell carcinoma; and schizophrenia. Orthologous to human PAK1 (p21 (RAC1) activated kinase 1); PAK2 (p21 (RAC1) activated kinase 2); and PAK3 (p21 (RAC1) activated kinase 3). [provided by Alliance of Genome Resources, Jul 2025]",N/A,N/A
PTH4,854035,N/A,"Enables peptidyl-tRNA hydrolase activity. Involved in mitochondrial translation. Part of mitochondrial large ribosomal subunit. Orthologous to human MRPL58 (mitochondrial ribosomal protein L58). [provided by Alliance of Genome Resources, Jul 2025]",N/A,N/A
RRI2,854032,N/A,"Involved in cellular response to pheromone; conjugation with cellular fusion; and protein deneddylation. Part of COP9 signalosome. [provided by Alliance of Genome Resources, Jul 2025]",N/A,N/A
GAS4,853988,N/A,"Enables 1,3-beta-glucanosyltransferase activity. Involved in ascospore wall assembly. Located in fungal-type cell wall. [provided by Alliance of Genome Resources, Jul 2025]",N/A,N/A
YOL153C,854012,N/A,N/A,N/A,N/A
YOL155W-A,1466474,N/A,N/A,N/A,N/A
HXT11,854009,N/A,"Enables hexose transmembrane transporter activity. Involved in hexose transmembrane transport and xylitol transmembrane transport. Located in cell periphery. [provided by Alliance of Genome Resources, Jul 2025]",N/A,N/A
IMA2,854008,N/A,"Enables oligo-1,6-glucosidase activity and sucrose alpha-glucosidase activity. Involved in disaccharide catabolic process. Human ortholog(s) of this gene implicated in cystinuria. Orthologous to human SLC3A1 (solute carrier family 3 member 1). [provided by Alliance of Genome Resources, Jul 2025]",N/A,N/A
DNL4,854166,N/A,"Enables DNA ligase (ATP) activity. Involved in double-strand break repair via nonhomologous end joining and maintenance of rDNA. Part of DNA ligase IV complex. Human ortholog(s) of this gene implicated in several diseases, including DNA ligase IV deficiency; colorectal cancer; multiple myeloma; pancreatic cancer; and prostate cancer. Orthologous to human LIG4 (DNA ligase 4). [provided by Alliance of Genome Resources, Jul 2025]",N/A,N/A
AUS1,854175,N/A,"Enables ABC-type sterol transporter activity. Involved in sterol import. Located in plasma membrane. [provided by Alliance of Genome Resources, Jul 2025]",N/A,N/A
ROD1,854183,N/A,"Enables ubiquitin protein ligase binding activity. Involved in several processes, including cellular response to glucose stimulus; positive regulation of receptor internalization; and ubiquitin-dependent endocytosis. Located in plasma membrane. Orthologous to several human genes including ARRDC1 (arrestin domain containing 1); ARRDC2 (arrestin domain containing 2); and ARRDC3 (arrestin domain containing 3). [provided by Alliance of Genome Resources, Jul 2025]",N/A,N/A
HSP10,854185,N/A,"Enables protein-folding chaperone binding activity and unfolded protein binding activity. Involved in chaperone-mediated protein complex assembly; protein import into mitochondrial intermembrane space; and protein refolding. Located in mitochondrial matrix. Orthologous to human HSPE1 (heat shock protein family E (Hsp10) member 1). [provided by Alliance of Genome Resources, Jul 2025]",N/A,N/A
YOR020W-A,1466480,N/A,"Acts upstream of or within calcium ion homeostasis. Located in mitochondrion. Part of proton-transporting ATP synthase complex. [provided by Alliance of Genome Resources, Jul 2025]",N/A,N/A
DDL1,854187,N/A,"Enables phospholipase activity. Involved in cardiolipin metabolic process and phosphatidylethanolamine metabolic process. Located in mitochondrial matrix. Used to study hereditary spastic paraplegia 28 and hereditary spastic paraplegia 54. Human ortholog(s) of this gene implicated in hereditary spastic paraplegia 28 and hereditary spastic paraplegia 54. Orthologous to human DDHD1 (DDHD domain containing 1); DDHD2 (DDHD domain containing 2); and SEC23IP (SEC23 interacting protein). [provided by Alliance of Genome Resources, Jul 2025]",N/A,N/A
STI1,854192,N/A,"Enables ATPase inhibitor activity; heat shock protein binding activity; and mRNA binding activity. Involved in protein folding and protein targeting to mitochondrion. Located in cytoplasm. Orthologous to human STIP1 (stress induced phosphoprotein 1). [provided by Alliance of Genome Resources, Jul 2025]",N/A,N/A
CIN5,854193,N/A,"Enables DNA-binding transcription factor binding activity and sequence-specific DNA binding activity. Involved in hyperosmotic salinity response and response to xenobiotic stimulus. Located in cytoplasm and nucleus. [provided by Alliance of Genome Resources, Jul 2025]",N/A,N/A
HMS1,854197,N/A,"Enables RNA polymerase II cis-regulatory region sequence-specific DNA binding activity. Involved in pseudohyphal growth. Predicted to be active in chromatin and nucleus. Human ortholog(s) of this gene implicated in several diseases, including carotid artery disease; diabetes mellitus (multiple); prostate cancer; sarcoma; and vascular dementia. Orthologous to human SREBF2 (sterol regulatory element binding transcription factor 2) and USF1 (upstream transcription factor 1). [provided by Alliance of Genome Resources, Jul 2025]",N/A,N/A
YOR032W-A,1466481,N/A,"Located in endoplasmic reticulum. [provided by Alliance of Genome Resources, Jul 2025]",N/A,N/A
PEP12,854201,N/A,"Enables SNAP receptor activity. Involved in macroautophagy; vacuolar transport; and vacuole inheritance. Located in Golgi apparatus and endosome. Orthologous to several human genes including STX12 (syntaxin 12). [provided by Alliance of Genome Resources, Jul 2025]",N/A,N/A
CYC2,854202,N/A,"Enables oxidoreductase activity. Involved in cytochrome c-heme linkage and mitochondrial membrane organization. Located in mitochondrial inner membrane. [provided by Alliance of Genome Resources, Jul 2025]",N/A,N/A
GLO4,854205,N/A,"Enables hydroxyacylglutathione hydrolase activity. Involved in methylglyoxal catabolic process to D-lactate via S-lactoyl-glutathione. Located in mitochondrial matrix. Human ortholog(s) of this gene implicated in paroxysmal nonkinesigenic dyskinesia 1. Orthologous to several human genes including HAGH (hydroxyacylglutathione hydrolase). [provided by Alliance of Genome Resources, Jul 2025]",N/A,N/A
IRC23,854209,N/A,"Located in endoplasmic reticulum. [provided by Alliance of Genome Resources, Jul 2025]",N/A,N/A
YOR052C,854217,N/A,"Predicted to enable zinc ion binding activity. Involved in cellular response to arsenic-containing substance and cellular response to misfolded protein. Located in nucleus. [provided by Alliance of Genome Resources, Jul 2025]",N/A,N/A
VHS3,854220,N/A,"Enables protein phosphatase inhibitor activity. Contributes to phosphopantothenoylcysteine decarboxylase activity. Involved in coenzyme A biosynthetic process and intracellular monoatomic cation homeostasis. Part of CoA-synthesizing protein complex and phosphopantothenoylcysteine decarboxylase complex. Used to study dilated cardiomyopathy. Orthologous to human PPCDC (phosphopantothenoylcysteine decarboxylase). [provided by Alliance of Genome Resources, Jul 2025]",N/A,N/A
YOR059C,854225,N/A,"Enables lysophospholipase activity. Involved in lipid homeostasis. Located in lipid droplet. Orthologous to human FAM135A (family with sequence similarity 135 member A) and FAM135B (family with sequence similarity 135 member B). [provided by Alliance of Genome Resources, Apr 2025]",N/A,N/A
VPS5,854235,N/A,"Enables phosphatidylinositol-3-phosphate binding activity. Contributes to cargo adaptor activity. Involved in protein retention in Golgi apparatus and retrograde transport, endosome to Golgi. Located in cytosol and endosome. Part of retromer, tubulation complex. Orthologous to human SNX1 (sorting nexin 1) and SNX2 (sorting nexin 2). [provided by Alliance of Genome Resources, Jul 2025]",N/A,N/A
GYP1,854236,N/A,"Enables GTPase activator activity. Involved in vesicle-mediated transport. Located in Golgi apparatus. Orthologous to human TBC1D22A (TBC1 domain family member 22A) and TBC1D22B (TBC1 domain family member 22B). [provided by Alliance of Genome Resources, Jul 2025]",N/A,N/A
YVC1,854255,N/A,"Enables monoatomic ion channel activity. Involved in calcium ion transmembrane import into cytosol and intracellular monoatomic cation homeostasis. Located in fungal-type vacuole membrane and vacuole-mitochondrion membrane contact site. Human ortholog(s) of this gene implicated in several diseases, including Charcot-Marie-Tooth disease axonal type 2C; keratosis (multiple); migraine (multiple); motor neuron disease (multiple); and osteochondrodysplasia (multiple). Orthologous to several human genes including TRPV1 (transient receptor potential cation channel subfamily V member 1); TRPV2 (transient receptor potential cation channel subfamily V member 2); and TRPV3 (transient receptor potential cation channel subfamily V member 3). [provided by Alliance of Genome Resources, Jul 2025]",N/A,N/A
KTR1,854266,N/A,"Enables alpha-1,2-mannosyltransferase activity. Involved in protein N-linked glycosylation and protein O-linked glycosylation. Located in Golgi apparatus. [provided by Alliance of Genome Resources, Jul 2025]",N/A,N/A
CRC1,854267,N/A,"Enables carnitine:O-acyl-L-carnitine antiporter activity. Involved in carnitine transmembrane transport and fatty acid metabolic process. Located in mitochondrial inner membrane. Used to study lipid metabolism disorder. Human ortholog(s) of this gene implicated in carnitine-acylcarnitine translocase deficiency. Orthologous to human SLC25A20 (solute carrier family 25 member 20). [provided by Alliance of Genome Resources, Jul 2025]",N/A,N/A
AZF1,854280,N/A,"Enables DNA-binding transcription activator activity, RNA polymerase II-specific and RNA polymerase II cis-regulatory region sequence-specific DNA binding activity. Involved in cellular response to carbohydrate stimulus; regulation of fungal-type cell wall organization; and regulation of transcription by RNA polymerase II. Located in cytosol and nucleus. Orthologous to human MAZ (MYC associated zinc finger protein); ZNF362 (zinc finger protein 362); and ZNF692 (zinc finger protein 692). [provided by Alliance of Genome Resources, Jul 2025]",N/A,N/A
YOR114W,854281,N/A,"Acts upstream of or within mitochondrial genome maintenance. Is active in mitochondrial matrix. [provided by Alliance of Genome Resources, Jul 2025]",N/A,N/A
GCY1,854287,N/A,"Enables aldose reductase (NADPH) activity; glycerol dehydrogenase [NAD(P)+] activity; and mRNA binding activity. Involved in cellular response to oxidative stress; glycerol to glycerone phosphate metabolic process; and pentose catabolic process. Located in cytoplasm and nucleus. Human ortholog(s) of this gene implicated in several diseases, including 46,XY sex reversal 8; alcohol dependence; congenital bile acid synthesis defect 2; leukemia (multiple); and type 2 diabetes mellitus. Orthologous to several human genes including AKR1A1 (aldo-keto reductase family 1 member A1); AKR1B1 (aldo-keto reductase family 1 member B); and AKR1B10 (aldo-keto reductase family 1 member B10). [provided by Alliance of Genome Resources, Apr 2025]",N/A,N/A
UBP2,854291,N/A,"Enables cysteine-type deubiquitinase activity. Involved in several processes, including cellular response to hydrogen peroxide; positive regulation of mitochondrial fusion; and ubiquitin-dependent protein catabolic process via the multivesicular body sorting pathway. Predicted to be located in cytoplasm. Predicted to be active in cytosol and nucleus. Orthologous to human USP25 (ubiquitin specific peptidase 25) and USP28 (ubiquitin specific peptidase 28). [provided by Alliance of Genome Resources, Jul 2025]",N/A,N/A
CAT5,854292,N/A,"Predicted to enable 3-demethoxyubiquinol 3-hydroxylase activity. Involved in ubiquinone biosynthetic process. Located in mitochondrial inner membrane. Used to study primary coenzyme Q10 deficiency 8. Human ortholog(s) of this gene implicated in autosomal recessive distal hereditary motor neuronopathy 9 and primary coenzyme Q10 deficiency 8. Orthologous to human COQ7 (coenzyme Q7, hydroxylase). [provided by Alliance of Genome Resources, Apr 2025]",N/A,N/A
VPS17,854300,N/A,"Enables phosphatidylinositol-3-phosphate binding activity. Contributes to protein transporter activity. Involved in retrograde transport, endosome to Golgi. Located in endosome. Part of retromer, tubulation complex. [provided by Alliance of Genome Resources, Jul 2025]",N/A,N/A
BAG7,854302,N/A,"Enables GTPase activator activity. Involved in negative regulation of Rho protein signal transduction. Predicted to be active in cell cortex. Orthologous to human GMIP (GEM interacting protein). [provided by Alliance of Genome Resources, Jul 2025]",N/A,N/A
SIA1,854305,N/A,"Predicted to enable phosphoprotein phosphatase activity. Involved in proton transmembrane transport. [provided by Alliance of Genome Resources, Jul 2025]",N/A,N/A
RUP1,854306,N/A,"Involved in positive regulation of protein autoubiquitination and protein deubiquitination. Located in cytoplasm and nucleus. [provided by Alliance of Genome Resources, Jul 2025]",N/A,N/A
YOR142W-B,854313,N/A,"Predicted to enable several functions, including DNA polymerase activity; RNA nuclease activity; and peptidase activity. Predicted to be involved in retrotransposition. Predicted to act upstream of or within several processes, including DNA metabolic process; transposition; and viral translational frameshifting. Located in nucleus. [provided by Alliance of Genome Resources, Apr 2025]",N/A,N/A
ATG40,854323,N/A,"Enables protein-macromolecule adaptor activity. Involved in cellular response to nitrogen starvation and reticulophagy. Located in cortical endoplasmic reticulum and membrane. [provided by Alliance of Genome Resources, Jul 2025]",N/A,N/A
ISN1,854326,N/A,"Enables 5'-nucleotidase activity. Involved in inosine salvage; nicotinamide riboside biosynthetic process; and nicotinic acid riboside biosynthetic process. [provided by Alliance of Genome Resources, Jul 2025]",N/A,N/A
PNS1,854332,N/A,"Predicted to enable transmembrane transporter activity. Predicted to be involved in transmembrane transport. Located in plasma membrane. Human ortholog(s) of this gene implicated in high grade glioma. Orthologous to human SLC44A1 (solute carrier family 44 member 1); SLC44A3 (solute carrier family 44 member 3); and SLC44A5 (solute carrier family 44 member 5). [provided by Alliance of Genome Resources, Jul 2025]",N/A,N/A
YRR1,854333,N/A,"Enables DNA-binding transcription factor activity, RNA polymerase II-specific and RNA polymerase II cis-regulatory region sequence-specific DNA binding activity. Involved in cellular response to oxidative stress and positive regulation of transcription by RNA polymerase II. Located in cytoplasm and nucleus. [provided by Alliance of Genome Resources, Jul 2025]",N/A,N/A
YRM1,854343,N/A,"Enables DNA-binding transcription factor activity, RNA polymerase II-specific. Involved in regulation of transcription by RNA polymerase II. Located in cytoplasm and nucleus. [provided by Alliance of Genome Resources, Jul 2025]",N/A,N/A
DCS2,854344,N/A,"Enables enzyme inhibitor activity. Involved in cellular response to starvation and deadenylation-dependent decapping of nuclear-transcribed mRNA. Located in P-body. Orthologous to human DCPS (decapping enzyme, scavenger). [provided by Alliance of Genome Resources, Jul 2025]",N/A,N/A
HEM15,854347,N/A,"Enables ferrochelatase activity. Involved in heme biosynthetic process. Located in mitochondrial inner membrane. Used to study cancer. Human ortholog(s) of this gene implicated in cutaneous porphyria and erythropoietic protoporphyria. Orthologous to human FECH (ferrochelatase). [provided by Alliance of Genome Resources, Jul 2025]",N/A,N/A
GAC1,854350,N/A,"Enables heat shock protein binding activity and protein phosphatase regulator activity. Involved in several processes, including glycogen metabolic process; mitotic spindle assembly checkpoint signaling; and response to heat. Part of protein phosphatase type 1 complex. Orthologous to human PPP1R3F (protein phosphatase 1 regulatory subunit 3F) and PPP1R3G (protein phosphatase 1 regulatory subunit 3G). [provided by Alliance of Genome Resources, Jul 2025]",N/A,N/A
GSP2,854357,N/A,"Predicted to enable GTPase activity. Involved in nucleus organization. Located in nucleus. Human ortholog(s) of this gene implicated in type 1 diabetes mellitus. Orthologous to human RAN (RAN, member RAS oncogene family). [provided by Alliance of Genome Resources, Jul 2025]",N/A,N/A
YOR186W,854358,N/A,"Predicted to be located in membrane. [provided by Alliance of Genome Resources, Jul 2025]",N/A,N/A
SPR1,854362,N/A,"Enables glucan exo-1,3-beta-glucosidase activity. Involved in ascospore formation. Located in ascospore wall. [provided by Alliance of Genome Resources, Jul 2025]",N/A,N/A
ULS1,854363,N/A,"Enables SUMO binding activity. Involved in chromatin organization and mating type switching. Located in kinetochore and nucleolus. [provided by Alliance of Genome Resources, Jul 2025]",N/A,N/A
YOR192C-B,854365,N/A,"Predicted to enable several functions, including DNA polymerase activity; RNA nuclease activity; and peptidase activity. Predicted to be involved in retrotransposition. Predicted to act upstream of or within several processes, including DNA metabolic process; transposition; and viral translational frameshifting. Located in nucleus. [provided by Alliance of Genome Resources, Apr 2025]",N/A,N/A
PTP2,854383,N/A,"Enables protein tyrosine phosphatase activity. Involved in several processes, including cellular hyperosmotic response; negative regulation of cell integrity MAPK cascade; and pheromone response MAPK cascade. Is active in nucleus. [provided by Alliance of Genome Resources, Jul 2025]",N/A,N/A
AIM41,854390,N/A,"Predicted to enable carbon-nitrogen ligase activity, with glutamine as amido-N-donor. Located in mitochondrion. [provided by Alliance of Genome Resources, Jul 2025]",N/A,N/A
STE13,854394,N/A,"Enables aminopeptidase activity. Involved in peptide pheromone maturation. Located in trans-Golgi network. Human ortholog(s) of this gene implicated in amyotrophic lateral sclerosis; asthma; autosomal dominant intellectual developmental disorder 33; and spinal muscular atrophy. Orthologous to several human genes including DPP6 (dipeptidyl peptidase like 6) and FAP (fibroblast activation protein alpha). [provided by Alliance of Genome Resources, Jul 2025]",N/A,N/A
RCN2,854395,N/A,"Located in cytoplasm. [provided by Alliance of Genome Resources, Jul 2025]",N/A,N/A
HER1,854402,N/A,"Involved in endoplasmic reticulum organization. Located in mitochondrion. [provided by Alliance of Genome Resources, Jul 2025]",N/A,N/A
MCP1,854403,N/A,"Involved in lipid homeostasis and mitochondrion organization. Located in mitochondrial outer membrane. [provided by Alliance of Genome Resources, Jul 2025]",N/A,N/A
WTM1,854405,N/A,"Enables transcription corepressor activity. Involved in several processes, including negative regulation of silent mating-type cassette heterochromatin formation; protein localization to nucleus; and regulation of transcription by RNA polymerase II. Located in nucleus. [provided by Alliance of Genome Resources, Jul 2025]",N/A,N/A
HES1,854412,N/A,"Enables oxysterol binding activity and sterol transfer activity. Involved in several processes, including maintenance of cell polarity; piecemeal microautophagy of the nucleus; and sterol transport. Located in cellular bud neck and fungal-type vacuole membrane. Human ortholog(s) of this gene implicated in autosomal dominant nonsyndromic deafness 67. Orthologous to human OSBPL2 (oxysterol binding protein like 2). [provided by Alliance of Genome Resources, Jul 2025]",N/A,N/A
DGA1,854419,N/A,"Enables diacylglycerol O-acyltransferase activity. Involved in several processes, including intracellular triglyceride homeostasis; lipid storage; and triglyceride biosynthetic process. Located in lipid droplet and membrane. Human ortholog(s) of this gene implicated in metabolic dysfunction-associated steatotic liver disease. Orthologous to several human genes including MOGAT1 (monoacylglycerol O-acyltransferase 1); MOGAT2 (monoacylglycerol O-acyltransferase 2); and MOGAT3 (monoacylglycerol O-acyltransferase 3). [provided by Alliance of Genome Resources, Jul 2025]",N/A,N/A
CLP1,854424,N/A,"Enables RNA binding activity. Involved in mRNA 3'-end processing. Part of mRNA cleavage factor complex. Used to study pontocerebellar hypoplasia. Human ortholog(s) of this gene implicated in pontocerebellar hypoplasia type 10. Orthologous to human CLP1 (cleavage factor polyribonucleotide kinase subunit 1). [provided by Alliance of Genome Resources, Jul 2025]",N/A,N/A
TRE2,854430,N/A,"Predicted to enable carboxypeptidase activity. Involved in protein transport to vacuole involved in ubiquitin-dependent protein catabolic process via the multivesicular body sorting pathway. Predicted to be located in membrane. Human ortholog(s) of this gene implicated in several diseases, including abdominal aortic aneurysm; cerebral infarction; hemochromatosis (multiple); immunodeficiency 46; and multiple myeloma. Orthologous to several human genes including NAALAD2 (N-acetylated alpha-linked acidic dipeptidase 2); NAALADL1 (N-acetylated alpha-linked acidic dipeptidase like 1); and NAALADL2 (N-acetylated alpha-linked acidic dipeptidase like 2). [provided by Alliance of Genome Resources, Jul 2025]",N/A,N/A
RDL1,854459,N/A,"Enables thiosulfate-cyanide sulfurtransferase activity. Involved in sulfur compound metabolic process. Located in endoplasmic reticulum and mitochondrial outer membrane. Is active in mitochondrion. Orthologous to several human genes including TSTD1 (thiosulfate sulfurtransferase like domain containing 1). [provided by Alliance of Genome Resources, Jul 2025]",N/A,N/A
MPD1,854462,N/A,"Enables protein disulfide isomerase activity and protein-disulfide reductase (glutathione) activity. Involved in protein folding. Located in endoplasmic reticulum and fungal-type vacuole. Orthologous to human PDIA6 (protein disulfide isomerase family A member 6). [provided by Alliance of Genome Resources, Jul 2025]",N/A,N/A
YOR289W,854463,N/A,"Located in cytoplasm and nucleus. Human ortholog(s) of this gene implicated in midface hypoplasia, hearing impairment, elliptocytosis, and nephrocalcinosis. Orthologous to several human genes including AMMECR1L (AMMECR1 like). [provided by Alliance of Genome Resources, Jul 2025]",N/A,N/A
YOR292C,854467,N/A,"Located in fungal-type vacuole. Orthologous to human MPV17L (MPV17 mitochondrial inner membrane protein like) and MPV17L2 (MPV17 mitochondrial inner membrane protein like 2). [provided by Alliance of Genome Resources, Jul 2025]",N/A,N/A
YOR302W,854478,N/A,"Enables translation regulator activity. Involved in regulation of translation. Predicted to be located in cytosol. [provided by Alliance of Genome Resources, Apr 2025]",N/A,N/A
COT1,854494,N/A,"Enables cobalt ion transmembrane transporter activity and zinc ion transmembrane transporter activity. Involved in cobalt ion transport; intracellular zinc ion homeostasis; and zinc ion transport. Located in fungal-type vacuole membrane and membrane raft. Human ortholog(s) of this gene implicated in hypermanganesemia with dystonia 1. Orthologous to several human genes including SLC30A1 (solute carrier family 30 member 1). [provided by Alliance of Genome Resources, Jul 2025]",N/A,N/A
FAA1,854495,N/A,"Enables long-chain fatty acid-CoA ligase activity and medium-chain fatty acid-CoA ligase activity. Involved in long-chain fatty acid import into cell; long-chain fatty-acyl-CoA metabolic process; and sphingoid long-chain base transport. Located in lipid droplet and plasma membrane. Used to study Sjogren-Larsson syndrome. Human ortholog(s) of this gene implicated in asthma; breast cancer; intellectual disability; non-syndromic X-linked intellectual disability 63; and prostate cancer. Orthologous to several human genes including ACSL4 (acyl-CoA synthetase long chain family member 4). [provided by Alliance of Genome Resources, Jul 2025]",N/A,N/A
PMT3,854499,N/A,"Predicted to enable dolichyl-phosphate-mannose-protein mannosyltransferase activity. Involved in protein O-linked mannosylation. Located in endoplasmic reticulum. Part of dolichyl-phosphate-mannose-protein mannosyltransferase Pmt1p-Pmt3p dimer complex and dolichyl-phosphate-mannose-protein mannosyltransferase Pmt5p-Pmt3p dimer complex. Human ortholog(s) of this gene implicated in lissencephaly and muscular dystrophy (multiple). Orthologous to human POMT2 (protein O-mannosyltransferase 2). [provided by Alliance of Genome Resources, Jul 2025]",N/A,N/A
YOR343W-B,854523,N/A,"Predicted to enable several functions, including DNA polymerase activity; RNA nuclease activity; and peptidase activity. Predicted to be involved in retrotransposition. Predicted to act upstream of or within several processes, including DNA metabolic process; transposition; and viral translational frameshifting. Located in nucleus. [provided by Alliance of Genome Resources, Apr 2025]",N/A,N/A
TYE7,854525,N/A,"Enables DNA-binding transcription factor activity. Involved in positive regulation of glycolytic process and transcription elongation by RNA polymerase II. Located in chromatin. Human ortholog(s) of this gene implicated in several diseases, including cardiovascular system disease (multiple); diabetes mellitus (multiple); prostate cancer; sarcoma; and vascular dementia. Orthologous to human SREBF1 (sterol regulatory element binding transcription factor 1); SREBF2 (sterol regulatory element binding transcription factor 2); and USF1 (upstream transcription factor 1). [provided by Alliance of Genome Resources, Jul 2025]",N/A,N/A
REV1,854527,N/A,"Enables DNA-directed DNA polymerase activity and deoxycytidyl transferase activity. Involved in error-free translesion synthesis and error-prone translesion synthesis. Located in chromatin; mitochondrion; and replication fork. Orthologous to human REV1 (REV1 DNA directed polymerase). [provided by Alliance of Genome Resources, Jul 2025]",N/A,N/A
PYK2,854529,N/A,"Enables melatonin binding activity and pyruvate kinase activity. Predicted to be involved in glycolytic process. Predicted to act upstream of or within monocarboxylic acid metabolic process. Located in mitochondrion. Human ortholog(s) of this gene implicated in Gaucher's disease; congenital nonspherocytic hemolytic anemia; congenital nonspherocytic hemolytic anemia 2; malaria; and type 2 diabetes mellitus. Orthologous to human PKLR (pyruvate kinase L/R) and PKM (pyruvate kinase M1/2). [provided by Alliance of Genome Resources, Apr 2025]",N/A,N/A
PUT4,854530,N/A,"Enables L-proline transmembrane transporter activity. Involved in gamma-aminobutyric acid transport and proline transport. Located in plasma membrane. Human ortholog(s) of this gene implicated in retinitis pigmentosa 68. Orthologous to human SLC7A14 (solute carrier family 7 member 14) and SLC7A4 (solute carrier family 7 member 4). [provided by Alliance of Genome Resources, Jul 2025]",N/A,N/A
CIN1,854531,N/A,"Predicted to enable GTPase activator activity and beta-tubulin binding activity. Involved in protein folding and tubulin complex assembly. Human ortholog(s) of this gene implicated in early onset progressive encephalopathy with brain atrophy and thin corpus callosum. Orthologous to human TBCD (tubulin folding cofactor D). [provided by Alliance of Genome Resources, Jul 2025]",N/A,N/A
MEK1,854533,N/A,"Enables protein serine/threonine kinase activity. Involved in meiotic recombination checkpoint signaling. Located in nucleus. [provided by Alliance of Genome Resources, Jul 2025]",N/A,N/A
TFB6,854534,N/A,"Located in cytoplasm and nucleus. Part of transcription factor TFIIH holo complex. [provided by Alliance of Genome Resources, Jul 2025]",N/A,N/A
ALD4,854556,N/A,"Enables aldehyde dehydrogenase (NAD+) activity. Involved in NADPH regeneration; acetate biosynthetic process; and ethanol metabolic process. Acts upstream of or within lipid metabolic process. Located in mitochondrial nucleoid. Human ortholog(s) of this gene implicated in several diseases, including alcohol dependence; alcohol use disorder; artery disease (multiple); diabetes mellitus (multiple); and liver disease (multiple). Orthologous to several human genes including ALDH1A1 (aldehyde dehydrogenase 1 family member A1); ALDH1A2 (aldehyde dehydrogenase 1 family member A2); and ALDH1A3 (aldehyde dehydrogenase 1 family member A3). [provided by Alliance of Genome Resources, Jul 2025]",N/A,N/A
YOR376W-A,1466488,N/A,N/A,N/A,N/A
PHR1,854568,N/A,"Enables deoxyribodipyrimidine photo-lyase activity and mRNA binding activity. Predicted to be involved in circadian regulation of gene expression and entrainment of circadian clock by photoperiod. Predicted to act upstream of or within DNA repair. Located in mitochondrion and nucleus. Human ortholog(s) of this gene implicated in delayed sleep phase syndrome. Orthologous to human CRY1 (cryptochrome circadian regulator 1) and CRY2 (cryptochrome circadian regulator 2). [provided by Alliance of Genome Resources, Apr 2025]",N/A,N/A
YOR387C,854569,N/A,"Predicted to enable zinc ion binding activity. Predicted to be located in cytosol. [provided by Alliance of Genome Resources, Jul 2025]",N/A,N/A
ULA1,856104,N/A,"Enables NEDD8 activating enzyme activity. Involved in protein neddylation. Predicted to be active in cytoplasm. Orthologous to human NAE1 (NEDD8 activating enzyme E1 subunit 1). [provided by Alliance of Genome Resources, Jul 2025]",N/A,N/A
LSP1,856103,N/A,"Enables lipid binding activity. Involved in eisosome assembly; endocytosis; and response to heat. Acts upstream of or within membrane organization. Located in eisosome. [provided by Alliance of Genome Resources, Jul 2025]",N/A,N/A
TAF3,856096,N/A,"Enables chromatin binding activity. Involved in transcription by RNA polymerase II. Part of transcription factor TFIID complex. [provided by Alliance of Genome Resources, Jul 2025]",N/A,N/A
CIP1,856093,N/A,"Enables cyclin-dependent protein serine/threonine kinase inhibitor activity. Involved in G1/S transition of mitotic cell cycle and negative regulation of protein phosphorylation. Located in cytoplasm and nucleus. [provided by Alliance of Genome Resources, Jul 2025]",N/A,N/A
HST2,856092,N/A,"Enables histone deacetylase activity, NAD-dependent. Involved in negative regulation of mitotic recombination and rDNA heterochromatin formation. Located in cytoplasm and nucleus. Orthologous to several human genes including SIRT2 (sirtuin 2). [provided by Alliance of Genome Resources, Jul 2025]",N/A,N/A
IRC15,856090,N/A,"Enables microtubule binding activity and oxidoreductase activity, acting on NAD(P)H. Involved in several processes, including microtubule cytoskeleton organization; mitotic recombination; and sister chromatid segregation. Located in microtubule. [provided by Alliance of Genome Resources, Jul 2025]",N/A,N/A
CTF19,856089,N/A,"Involved in several processes, including attachment of spindle microtubules to kinetochore; establishment of mitotic sister chromatid cohesion; and mitotic spindle assembly checkpoint signaling. Located in kinetochore and nucleus. Part of COMA complex. [provided by Alliance of Genome Resources, Jul 2025]",N/A,N/A
VTC3,856088,N/A,"Enables calmodulin binding activity. Involved in several processes, including microautophagy; polyphosphate metabolic process; and vacuole fusion, non-autophagic. Located in endoplasmic reticulum and fungal-type vacuole membrane. Part of vacuolar transporter chaperone complex. [provided by Alliance of Genome Resources, Jul 2025]",N/A,N/A
YPL034W,856072,N/A,N/A,N/A,N/A
MRX11,856066,N/A,"Located in mitochondrion. [provided by Alliance of Genome Resources, Jul 2025]",N/A,N/A
LEE1,856053,N/A,"Predicted to enable ubiquitin protein ligase activity. Predicted to be involved in protein ubiquitination. Predicted to act upstream of or within protein polyubiquitination. Orthologous to human MKRN1 (makorin ring finger protein 1) and MKRN4P (makorin ring finger protein 4, pseudogene). [provided by Alliance of Genome Resources, Apr 2025]",N/A,N/A
MFM1,856045,N/A,"Enables magnesium ion transmembrane transporter activity. Involved in mitochondrial magnesium ion transmembrane transport. Located in mitochondrial inner membrane. Orthologous to human MRS2 (magnesium transporter MRS2). [provided by Alliance of Genome Resources, Jul 2025]",N/A,N/A
GCR1,856030,N/A,"Enables DNA-binding transcription activator activity, RNA polymerase II-specific and RNA polymerase II cis-regulatory region sequence-specific DNA binding activity. Involved in nucleosome organization and regulation of nucleobase-containing compound metabolic process. Located in nuclear envelope. [provided by Alliance of Genome Resources, Jul 2025]",N/A,N/A
YDC1,856018,N/A,"Enables N-acylsphingosine amidohydrolase activity. Involved in ceramide biosynthetic process and ceramide catabolic process. Located in endoplasmic reticulum. Used to study leukodystrophy. Orthologous to human ACER3 (alkaline ceramidase 3). [provided by Alliance of Genome Resources, Jul 2025]",N/A,N/A
SSU1,856013,N/A,"Enables sulfite transmembrane transporter activity. Involved in sulfite transmembrane transport. Located in plasma membrane. [provided by Alliance of Genome Resources, Jul 2025]",N/A,N/A
SSE1,855998,N/A,"Enables ATP binding activity; adenyl-nucleotide exchange factor activity; and peptide binding activity. Involved in autophagy; proteasomal protein catabolic process; and protein refolding. Located in cytoplasm. Human ortholog(s) of this gene implicated in Chagas disease. Orthologous to several human genes including HSPA4 (heat shock protein family A (Hsp70) member 4) and HSPH1 (heat shock protein family H (Hsp110) member 1). [provided by Alliance of Genome Resources, Jul 2025]",N/A,N/A
YPL109C,855995,N/A,"Acts upstream of or within mitochondrion organization and phospholipid homeostasis. Located in mitochondrial inner membrane and mitochondrial inner-outer membrane contact site. Orthologous to human ADCK2 (aarF domain containing kinase 2). [provided by Alliance of Genome Resources, Jul 2025]",N/A,N/A
GDE1,855994,N/A,"Enables glycerophosphocholine phosphodiesterase activity. Involved in glycerophospholipid catabolic process. Located in cytoplasm. Orthologous to human GPCPD1 (glycerophosphocholine phosphodiesterase 1). [provided by Alliance of Genome Resources, Jul 2025]",N/A,N/A
YPL113C,855990,N/A,"Enables oxidoreductase activity, acting on the CH-OH group of donors, NAD or NADP as acceptor. Predicted to be active in cytosol. [provided by Alliance of Genome Resources, Jul 2025]",N/A,N/A
RNY1,855980,N/A,"Enables RNA endonuclease activity. Involved in RNA catabolic process; apoptotic process; and cell morphogenesis. Acts upstream of or within mRNA catabolic process. Located in cytosol; extracellular region; and fungal-type vacuole. Human ortholog(s) of this gene implicated in several diseases, including Lynch syndrome; RNASET2-deficient cystic leukoencephalopathy; colorectal cancer (multiple); lung cancer; and mismatch repair cancer syndrome. Orthologous to human RNASET2 (ribonuclease T2). [provided by Alliance of Genome Resources, Jul 2025]",N/A,N/A
RRD2,855951,N/A,"Enables peptidyl-prolyl cis-trans isomerase activity and protein phosphatase regulator activity. Involved in mitotic spindle organization and response to osmotic stress. Part of protein phosphatase type 2A complex. Human ortholog(s) of this gene implicated in Parkinson's disease 25. Orthologous to human PTPA (protein phosphatase 2 phosphatase activator). [provided by Alliance of Genome Resources, Jul 2025]",N/A,N/A
PEP4,855949,N/A,"Enables peptidase activity. Involved in several processes, including cytoplasm to vacuole targeting by the Cvt pathway; microautophagy; and pexophagy. Located in fungal-type vacuole. Human ortholog(s) of this gene implicated in several diseases, including autosomal dominant tubulointerstitial kidney disease; hand, foot and mouth disease; hypertension (multiple); neuronal ceroid lipofuscinosis 10; and portal hypertension. Orthologous to several human genes including NAPSA (napsin A aspartic peptidase). [provided by Alliance of Genome Resources, Apr 2025]",N/A,N/A
PRM4,855947,N/A,"Located in fungal-type vacuole. [provided by Alliance of Genome Resources, Jul 2025]",N/A,N/A
MLH3,855939,N/A,"Predicted to enable ATP hydrolysis activity. Involved in meiotic mismatch repair and reciprocal meiotic recombination. Located in nucleus. Part of MutLgamma complex. Used to study hereditary nonpolyposis colorectal cancer type 7. Human ortholog(s) of this gene implicated in Lynch syndrome; colorectal cancer; endometrial cancer; and hereditary nonpolyposis colorectal cancer type 7. Orthologous to human MLH3 (mutL homolog 3). [provided by Alliance of Genome Resources, Jul 2025]",N/A,N/A
SET6,855938,N/A,"Predicted to enable methyltransferase activity and zinc ion binding activity. Predicted to act upstream of or within methylation. Predicted to be active in nucleus. Orthologous to several human genes including SMYD2 (SET and MYND domain containing 2). [provided by Alliance of Genome Resources, Apr 2025]",N/A,N/A
ATG29,855937,N/A,"Enables SNARE binding activity. Involved in autophagy of mitochondrion; cellular response to nitrogen starvation; and macroautophagy. Located in phagophore assembly site. Part of Atg1/ULK1 kinase complex. [provided by Alliance of Genome Resources, Jul 2025]",N/A,N/A
MRX4,855935,N/A,"Located in mitochondrion. [provided by Alliance of Genome Resources, Jul 2025]",N/A,N/A
OYE3,855932,N/A,"Enables NADPH dehydrogenase activity. Involved in apoptotic process. [provided by Alliance of Genome Resources, Jul 2025]",N/A,N/A
UIP4,855916,N/A,"Acts upstream of or within nuclear envelope organization. Located in endoplasmic reticulum and nuclear envelope. [provided by Alliance of Genome Resources, Jul 2025]",N/A,N/A
YPL191C,855910,N/A,"Enables K48-linked deubiquitinase activity. Involved in protein K48-linked deubiquitination. Acts upstream of or within cellular response to pheromone. Located in cell periphery and endoplasmic reticulum. Orthologous to several human genes including MINDY1 (MINDY lysine 48 deubiquitinase 1). [provided by Alliance of Genome Resources, Jul 2025]",N/A,N/A
OXR1,855905,N/A,"Acts upstream of or within protein retention in Golgi apparatus; protein-containing complex disassembly; and regulation of proton-transporting ATPase activity, rotational mechanism. Located in mitochondrion. Human ortholog(s) of this gene implicated in cerebellar hyplasia/atrophy, epilepsy, and global developmental delay. Orthologous to several human genes including TLDC2 (TBC/LysM-associated domain containing 2). [provided by Alliance of Genome Resources, Jul 2025]",N/A,N/A
TPK2,855898,N/A,"Enables cAMP-dependent protein kinase activity. Involved in several processes, including intracellular signal transduction; invasive growth in response to glucose limitation; and negative regulation of cytoplasmic mRNA processing body assembly. Located in several cellular components, including P-body; chromatin; and cytosol. Part of cAMP-dependent protein kinase complex. Human ortholog(s) of this gene implicated in adrenal cortical adenoma; congestive heart failure; fibrolamellar carcinoma; platelet-type bleeding disorder 19; and primary pigmented nodular adrenocortical disease 4. Orthologous to several human genes including PRKACA (protein kinase cAMP-activated catalytic subunit alpha); PRKACB (protein kinase cAMP-activated catalytic subunit beta); and PRKACG (protein kinase cAMP-activated catalytic subunit gamma). [provided by Alliance of Genome Resources, Jul 2025]",N/A,N/A
PGC1,855895,N/A,"Enables phosphatidylglycerol phospholipase C activity. Involved in phosphatidylglycerol catabolic process. Located in lipid droplet and mitochondrion. Orthologous to human GDPD1 (glycerophosphodiester phosphodiesterase domain containing 1) and GDPD3 (glycerophosphodiester phosphodiesterase domain containing 3). [provided by Alliance of Genome Resources, Jul 2025]",N/A,N/A
PCL8,855882,N/A,"Predicted to enable cyclin-dependent protein serine/threonine kinase regulator activity. Involved in negative regulation of glycogen biosynthetic process. Predicted to be located in cytoplasm. Predicted to be part of cyclin-dependent protein kinase holoenzyme complex. Predicted to be active in nucleus. [provided by Alliance of Genome Resources, Jul 2025]",N/A,N/A
FMP40,855879,N/A,"Enables AMPylase activity. Involved in cell redox homeostasis and protein adenylylation. Is active in mitochondrion. Orthologous to human SELENOO (selenoprotein O). [provided by Alliance of Genome Resources, Jul 2025]",N/A,N/A
GRE1,855878,N/A,"Located in cytoplasm. [provided by Alliance of Genome Resources, Jul 2025]",N/A,N/A
MMT2,855877,N/A,"Predicted to enable monoatomic cation transmembrane transporter activity. Involved in intracellular iron ion homeostasis. Located in mitochondrion. [provided by Alliance of Genome Resources, Jul 2025]",N/A,N/A
USV1,855871,N/A,"Enables sequence-specific DNA binding activity. Involved in cellular response to salt stress and regulation of transcription by RNA polymerase II. Located in nucleus. [provided by Alliance of Genome Resources, Jul 2025]",N/A,N/A
ENV7,855840,N/A,"Predicted to enable protein serine/threonine kinase activity. Involved in regulation of vacuole fusion, non-autophagic and vacuolar protein processing. Located in fungal-type vacuole membrane. Orthologous to human STK16 (serine/threonine kinase 16). [provided by Alliance of Genome Resources, Jul 2025]",N/A,N/A
HSP82,855836,N/A,"Enables ATP hydrolysis activity and unfolded protein binding activity. Involved in several processes, including positive regulation of telomere maintenance via telomerase; protein folding; and protein-containing complex assembly. Located in cytoplasm and nucleus. Human ortholog(s) of this gene implicated in multiple sclerosis. Orthologous to several human genes including HSP90AB1 (heat shock protein 90 alpha family class B member 1). [provided by Alliance of Genome Resources, Jul 2025]",N/A,N/A
YPL247C,855829,N/A,"Located in cytoplasm and nucleus. Orthologous to human DCAF7 (DDB1 and CUL4 associated factor 7). [provided by Alliance of Genome Resources, Jul 2025]",N/A,N/A
ATG41,855825,N/A,"Involved in several processes, including autophagosome assembly; cellular response to nitrogen starvation; and cytoplasm to vacuole targeting by the Cvt pathway. Predicted to be located in phagophore assembly site membrane. [provided by Alliance of Genome Resources, Jul 2025]",N/A,N/A
YPL257W,855818,N/A,"Predicted to be located in membrane. [provided by Alliance of Genome Resources, Jul 2025]",N/A,N/A
YPL257W-B,855817,N/A,"Predicted to enable several functions, including DNA polymerase activity; RNA nuclease activity; and peptidase activity. Predicted to be involved in retrotransposition. Predicted to act upstream of or within several processes, including DNA metabolic process; transposition; and viral translational frameshifting. Located in nucleus. [provided by Alliance of Genome Resources, Apr 2025]",N/A,N/A
CUB1,855867,N/A,"Located in cytoplasm and nucleus. [provided by Alliance of Genome Resources, Jul 2025]",N/A,N/A
YPL264C,855864,N/A,"Located in endoplasmic reticulum. Orthologous to human SLC35G1 (solute carrier family 35 member G1). [provided by Alliance of Genome Resources, Jul 2025]",N/A,N/A
PLC1,855860,N/A,"Enables phosphatidylinositol-4,5-bisphosphate phospholipase C activity. Involved in several processes, including inositol phosphate biosynthetic process; protein localization to kinetochore; and signal transduction involved in filamentous growth. Located in kinetochore. Human ortholog(s) of this gene implicated in several diseases, including autoinflammation, antibody deficiency, and immune dysregulation syndrome; carcinoma (multiple); developmental and epileptic encephalopathy 12; familial cold autoinflammatory syndrome 3; and myelodysplastic syndrome. Orthologous to several human genes including PLCD3 (phospholipase C delta 3) and PLCD4 (phospholipase C delta 4). [provided by Alliance of Genome Resources, Jul 2025]",N/A,N/A
PBI1,855856,N/A,"Predicted to enable N-acetyltransferase activity. [provided by Alliance of Genome Resources, Jul 2025]",N/A,N/A
YPL277C,855852,N/A,"Located in membrane. [provided by Alliance of Genome Resources, Jul 2025]",N/A,N/A
PDH1,856108,N/A,"Predicted to enable 2 iron, 2 sulfur cluster binding activity and 2-methylcitrate dehydratase activity. Involved in propionate metabolic process. Located in mitochondrial outer membrane. Orthologous to human ACOD1 (aconitate decarboxylase 1). [provided by Alliance of Genome Resources, Jul 2025]",N/A,N/A
YPR003C,856111,N/A,"Predicted to enable sulfate transmembrane transporter activity. Predicted to act upstream of or within sulfate transmembrane transport. Located in endoplasmic reticulum. Human ortholog(s) of this gene implicated in Pendred Syndrome; autosomal recessive nonsyndromic deafness 4; bone disease (multiple); and goiter. Orthologous to several human genes including SLC26A2 (solute carrier family 26 member 2); SLC26A4 (solute carrier family 26 member 4); and SLC26A6 (solute carrier family 26 member 6). [provided by Alliance of Genome Resources, Apr 2025]",N/A,N/A
HAL1,856113,N/A,"Involved in positive regulation of transcription by RNA polymerase II and response to salt stress. Located in cytoplasm. [provided by Alliance of Genome Resources, Jul 2025]",N/A,N/A
ICL2,856114,N/A,"Enables methylisocitrate lyase activity. Involved in propionate catabolic process, 2-methylcitrate cycle. Located in mitochondrial matrix. [provided by Alliance of Genome Resources, Jul 2025]",N/A,N/A
HAA1,856117,N/A,"Enables DNA-binding transcription factor activity, RNA polymerase II-specific. Involved in cellular response to acidic pH and positive regulation of transcription by RNA polymerase II. Located in nucleus. [provided by Alliance of Genome Resources, Jul 2025]",N/A,N/A
ATH1,856137,N/A,"Enables alpha,alpha-trehalase activity. Involved in trehalose catabolic process and trehalose transport. Located in cell wall-bounded periplasmic space; fungal-type cell wall; and fungal-type vacuole. Orthologous to human PGGHG (protein-glucosylgalactosylhydroxylysine glucosidase). [provided by Alliance of Genome Resources, Jul 2025]",N/A,N/A
CSR2,856142,N/A,"Enables ubiquitin protein ligase binding activity. Involved in fungal-type cell wall organization and regulation of transcription by RNA polymerase II. Located in nucleus. Orthologous to several human genes including ARRDC1 (arrestin domain containing 1); ARRDC2 (arrestin domain containing 2); and ARRDC3 (arrestin domain containing 3). [provided by Alliance of Genome Resources, Jul 2025]",N/A,N/A
SPO24,856149,N/A,"Involved in ascospore formation. Located in prospore membrane. [provided by Alliance of Genome Resources, Jul 2025]",N/A,N/A
PUF2,856155,N/A,"Enables mRNA binding activity. Involved in nuclear-transcribed mRNA catabolic process, deadenylation-dependent decay. Located in cytoplasm. [provided by Alliance of Genome Resources, Jul 2025]",N/A,N/A
JID1,856174,N/A,"Located in mitochondrial inner membrane. [provided by Alliance of Genome Resources, Jul 2025]",N/A,N/A
MRL1,856194,N/A,"Enables signal sequence binding activity. Involved in vacuolar transport. Located in late endosome. Human ortholog(s) of this gene implicated in diabetes mellitus (multiple); hepatocellular carcinoma; in situ carcinoma (multiple); and nephroblastoma. Orthologous to human IGF2R (insulin like growth factor 2 receptor). [provided by Alliance of Genome Resources, Jul 2025]",N/A,N/A
GRS2,856196,N/A,"Enables glycine-tRNA ligase activity. Involved in glycyl-tRNA aminoacylation. Located in cytoplasm. Human ortholog(s) of this gene implicated in Charcot-Marie-Tooth disease type 2D and autosomal dominant distal hereditary motor neuronopathy 5. Orthologous to human GARS1 (glycyl-tRNA synthetase 1). [provided by Alliance of Genome Resources, Jul 2025]",N/A,N/A
YPR098C,856213,N/A,"Located in mitochondrial outer membrane. Orthologous to human TMEM205 (transmembrane protein 205). [provided by Alliance of Genome Resources, Jul 2025]",N/A,N/A
RGC1,856231,N/A,"Predicted to enable channel regulator activity. Involved in positive regulation of glycerol transport. Located in cytoplasm. [provided by Alliance of Genome Resources, Jul 2025]",N/A,N/A
YPR117W,856233,N/A,"Predicted to be located in endoplasmic reticulum membrane; mitochondrial membrane; and plasma membrane. Orthologous to human BLTP2 (bridge-like lipid transfer protein family member 2). [provided by Alliance of Genome Resources, Jul 2025]",N/A,N/A
YPR137C-B,856257,N/A,"Predicted to enable several functions, including DNA polymerase activity; RNA nuclease activity; and peptidase activity. Predicted to be involved in retrotransposition. Predicted to act upstream of or within several processes, including DNA metabolic process; transposition; and viral translational frameshifting. Located in nucleus. [provided by Alliance of Genome Resources, Apr 2025]",N/A,N/A
SUE1,856274,N/A,"Involved in protein catabolic process. Located in mitochondrial envelope. [provided by Alliance of Genome Resources, Jul 2025]",N/A,N/A
PIN3,856277,N/A,"Involved in negative regulation of Arp2/3 complex-mediated actin nucleation. Located in actin cortical patch. Human ortholog(s) of this gene implicated in breast cancer; prostate adenocarcinoma; and prostate cancer. Orthologous to human SH3D19 (SH3 domain containing 19) and GRB2 (growth factor receptor bound protein 2). [provided by Alliance of Genome Resources, Jul 2025]",N/A,N/A
TDA6,856280,N/A,"Predicted to act upstream of or within protein transport. Located in cell periphery and fungal-type vacuole. [provided by Alliance of Genome Resources, Apr 2025]",N/A,N/A
YPR158C-D,856284,N/A,"Predicted to enable several functions, including DNA polymerase activity; RNA nuclease activity; and peptidase activity. Predicted to be involved in retrotransposition. Predicted to act upstream of or within several processes, including DNA metabolic process; transposition; and viral translational frameshifting. Located in nucleus. [provided by Alliance of Genome Resources, Apr 2025]",N/A,N/A
CUR1,856281,N/A,"Enables protein-folding chaperone binding activity. Involved in intracellular protein transport; protein folding; and protein localization to nucleus. Located in nucleus. [provided by Alliance of Genome Resources, Jul 2025]",N/A,N/A
YPR158W-B,856283,N/A,"Predicted to enable several functions, including DNA polymerase activity; RNA nuclease activity; and peptidase activity. Predicted to be involved in retrotransposition. Predicted to act upstream of or within several processes, including DNA metabolic process; transposition; and viral translational frameshifting. Located in nucleus. [provided by Alliance of Genome Resources, Apr 2025]",N/A,N/A
GPH1,856289,N/A,"Enables glycogen phosphorylase activity. Involved in glycogen catabolic process. Located in cytoplasm. Human ortholog(s) of this gene implicated in glycogen storage disease; glycogen storage disease V; glycogen storage disease VI; and lactic acidosis. Orthologous to human PYGB (glycogen phosphorylase B); PYGL (glycogen phosphorylase L); and PYGM (glycogen phosphorylase, muscle associated). [provided by Alliance of Genome Resources, Jul 2025]",N/A,N/A
MET16,856296,N/A,"Enables phosphoadenylyl-sulfate reductase (thioredoxin) activity. Involved in sulfate assimilation, phosphoadenylyl sulfate reduction by phosphoadenylyl-sulfate reductase (thioredoxin). Predicted to be located in cytoplasm. [provided by Alliance of Genome Resources, Jul 2025]",N/A,N/A
YPR174C,856304,N/A,"Acts upstream of or within positive regulation of protein localization to spindle pole body. Located in nuclear envelope and spindle pole body. [provided by Alliance of Genome Resources, Jul 2025]",N/A,N/A
GDB1,856314,N/A,"Enables 4-alpha-glucanotransferase activity and amylo-alpha-1,6-glucosidase activity. Involved in glycogen catabolic process. Located in mitochondrion. Human ortholog(s) of this gene implicated in glycogen storage disease III. Orthologous to human AGL (amylo-alpha-1,6-glucosidase and 4-alpha-glucanotransferase). [provided by Alliance of Genome Resources, Jul 2025]",N/A,N/A
ATG13,856315,N/A,"Enables armadillo repeat domain binding activity and protein kinase regulator activity. Involved in several processes, including cellular response to nitrogen starvation; macroautophagy; and protein targeting to vacuole. Located in phagophore assembly site and vacuole-isolation membrane contact site. Part of Atg1/ULK1 kinase complex. [provided by Alliance of Genome Resources, Jul 2025]",N/A,N/A
YPR196W,856326,N/A,"Enables sequence-specific DNA binding activity. Predicted to be involved in regulation of DNA-templated transcription. Predicted to act upstream of or within regulation of transcription by RNA polymerase II. Predicted to be located in nucleus. [provided by Alliance of Genome Resources, Apr 2025]",N/A,N/A
YPR202W,856332,N/A,N/A,N/A,N/A
